ProcessName,RegionName,Unit,2020,2025,2030,2035,2040,2045,2050
cars_petrol,Central,PJ/y,1.09E+02,81.62727772,54.41818515,27.20909257,0,0,0
cars_lpg,Central,PJ/y,0.808910785,0.606683088,0.404455392,0.202227696,0,0,0
cars_hybridpetrol,Central,PJ/y,3.241105149,2.430828862,1.620552574,0.810276287,0,0,0
cars_diesel,Central,PJ/y,9.789416545,7.342062409,4.894708273,2.447354136,0,0,0
cars_hybriddiesel,Central,PJ/y,1.665537423,1.249153067,0.832768712,0.416384356,0,0,0
cars_pluginhybriddiesel,Central,PJ/y,1.671336744,1.253502558,0.835668372,0.417834186,0,0,0
cars_hydrogenfc,Central,PJ/y,0,0,0,0,0,0,0
cars_hybridhydrogenfc,Central,PJ/y,0,0,0,0,0,0,0
cars_pluginhybridhydrogenfc,Central,PJ/y,0,0,0,0,0,0,0
cars_hybridliquidhydrogen,Central,PJ/y,0,0,0,0,0,0,0
cars_cng,Central,PJ/y,0,0,0,0,0,0,0
cars_flexiblefuel,Central,PJ/y,0,0,0,0,0,0,0
cars_battery,Central,PJ/y,3.354353184,2.515764888,1.677176592,0.838588296,0,0,0
bus_diesel,Central,PJ/y,3.732162142,2.799121607,1.866081071,0.933040536,0,0,0
bus_hybriddiesel,Central,PJ/y,0.470176046,0.352632034,0.235088023,0.117544011,0,0,0
bus_battery,Central,PJ/y,0.47063705,0.352977788,0.235318525,0.117659263,0,0,0
bus_cng,Central,PJ/y,0.47109896,0.35332422,0.23554948,0.11777474,0,0,0
bus_hybridhydrogenfc,Central,PJ/y,0,0,0,0,0,0,0
lightlorry_diesel,Central,PJ/y,3.772494215,2.829370661,1.886247108,0.943123554,0,0,0
lightlorry_petrol,Central,PJ/y,3.802378488,2.851783866,1.901189244,0.950594622,0,0,0
lightlorry_hybridhydrogenfc,Central,PJ/y,0,0,0,0,0,0,0
lightlorry_hybridliquidhydrogen,Central,PJ/y,0,0,0,0,0,0,0
lightlorry_hybridpetrol,Central,PJ/y,0.359319376,0.269489532,0.179659688,0.089829844,0,0,0
lightlorry_pluginhybridpetrol,Central,PJ/y,0.359588557,0.269691418,0.179794279,0.089897139,0,0,0
lightlorry_hybriddiesel,Central,PJ/y,0.479810856,0.359858142,0.239905428,0.119952714,0,0,0
lightlorry_pluginhybriddiesel,Central,PJ/y,0.240145479,0.180109109,0.120072739,0.06003637,0,0,0
lightlorry_cng,Central,PJ/y,0.480531369,0.360398527,0.240265685,0.120132842,0,0,0
lightlorry_lpg,Central,PJ/y,0.481012915,0.360759686,0.240506457,0.120253229,0,0,0
heavylorry_diesel,Central,PJ/y,3.851963409,2.888972557,1.925981704,0.962990852,0,0,0
heavylorry_hybriddiesel,Central,PJ/y,0.485390649,0.364042987,0.242695325,0.121347662,0,0,0
heavylorry_hybridhydrogenfc,Central,PJ/y,0,0,0,0,0,0,0
heavylorry_cng,Central,PJ/y,0.485881988,0.364411491,0.242940994,0.121470497,0,0,0
heavylorry_petrol,Central,PJ/y,3.890994577,2.918245933,1.945497289,0.972748644,0,0,0
passengertrain_diesel,Central,PJ/y,0.172474177,0.129355632,0.086237088,0.043118544,0,0,0
passengertrain_electric,Central,PJ/y,0,0,0,0,0,0,0
passengertrain_hydrogenfc,Central,PJ/y,0,0,0,0,0,0,0
passengertrain_addtrackelec,Central,PJ/y,0,0,0,0,0,0,0
freighttrain_diesel,Central,PJ/y,2.267618266,1.7007137,1.133809133,0.566904567,0,0,0
freighttrain_electric,Central,PJ/y,0.024765019,0.018573765,0.01238251,0.006191255,0,0,0
freighttrain_hydrogenfc,Central,PJ/y,0,0,0,0,0,0,0
freighttrain_addtrackelec,Central,PJ/y,0,0,0,0,0,0,0
freighttrain_coal,Central,PJ/y,0,0,0,0,0,0,0
shipping_heavyoil,Central,PJ/y,0,0,0,0,0,0,0
passengerjet_kerosene,Central,PJ/y,14.32883503,10.74662627,7.164417512,3.582208756,0,0,0
freightjet_kerosene,Central,PJ/y,2.200385781,1.650289335,1.10019289,0.550096445,0,0,0
cars_petrol,Eastern,PJ/y,56.65834383,42.49375788,28.32917192,14.16458596,0,0,0
cars_lpg,Eastern,PJ/y,0.369202693,0.27690202,0.184601346,0.092300673,0,0,0
cars_hybridpetrol,Eastern,PJ/y,1.477947569,1.108460676,0.738973784,0.369486892,0,0,0
cars_diesel,Eastern,PJ/y,4.447536928,3.335652696,2.223768464,1.111884232,0,0,0
cars_hybriddiesel,Eastern,PJ/y,0.748188648,0.561141486,0.374094324,0.187047162,0,0,0
cars_pluginhybriddiesel,Eastern,PJ/y,0.74935669,0.562017517,0.374678345,0.187339172,0,0,0
cars_hydrogenfc,Eastern,PJ/y,0,0,0,0,0,0,0
cars_hybridhydrogenfc,Eastern,PJ/y,0,0,0,0,0,0,0
cars_pluginhybridhydrogenfc,Eastern,PJ/y,0,0,0,0,0,0,0
cars_hybridliquidhydrogen,Eastern,PJ/y,0,0,0,0,0,0,0
cars_cng,Eastern,PJ/y,0,0,0,0,0,0,0
cars_flexiblefuel,Eastern,PJ/y,0,0,0,0,0,0,0
cars_battery,Eastern,PJ/y,1.501056769,1.125792576,0.750528384,0.375264192,0,0,0
bus_diesel,Eastern,PJ/y,5.014008285,3.760506213,2.507004142,1.253502071,0,0,0
bus_hybriddiesel,Eastern,PJ/y,0.633367094,0.47502532,0.316683547,0.158341773,0,0,0
bus_battery,Eastern,PJ/y,0.634203935,0.475652951,0.317101968,0.158550984,0,0,0
bus_cng,Eastern,PJ/y,0.635042991,0.476282243,0.317521495,0.158760748,0,0,0
bus_hybridhydrogenfc,Eastern,PJ/y,0,0,0,0,0,0,0
lightlorry_diesel,Eastern,PJ/y,5.087074157,3.815305618,2.543537079,1.271768539,0,0,0
lightlorry_petrol,Eastern,PJ/y,5.141564827,3.856173621,2.570782414,1.285391207,0,0,0
lightlorry_hybridhydrogenfc,Eastern,PJ/y,0,0,0,0,0,0,0
lightlorry_hybridliquidhydrogen,Eastern,PJ/y,0,0,0,0,0,0,0
lightlorry_hybridpetrol,Eastern,PJ/y,0.487240828,0.365430621,0.243620414,0.121810207,0,0,0
lightlorry_pluginhybridpetrol,Eastern,PJ/y,0.487735922,0.365801941,0.243867961,0.12193398,0,0,0
lightlorry_hybriddiesel,Eastern,PJ/y,0.65097603,0.488232022,0.325488015,0.162744007,0,0,0
lightlorry_pluginhybriddiesel,Eastern,PJ/y,0.325930042,0.244447531,0.162965021,0.08148251,0,0,0
lightlorry_cng,Eastern,PJ/y,0.65230301,0.489227257,0.326151505,0.163075752,0,0,0
lightlorry_lpg,Eastern,PJ/y,0.653190673,0.489893005,0.326595336,0.163297668,0,0,0
heavylorry_diesel,Eastern,PJ/y,5.23264604,3.92448453,2.61632302,1.30816151,0,0,0
heavylorry_hybriddiesel,Eastern,PJ/y,0.661289703,0.495967277,0.330644851,0.165322426,0,0,0
heavylorry_hybridhydrogenfc,Eastern,PJ/y,0,0,0,0,0,0,0
heavylorry_cng,Eastern,PJ/y,0.66220201,0.496651507,0.331101005,0.165550502,0,0,0
heavylorry_petrol,Eastern,PJ/y,5.3049347,3.978701025,2.65246735,1.326233675,0,0,0
passengertrain_diesel,Eastern,PJ/y,0.18266169,0.136996268,0.091330845,0.045665423,0,0,0
passengertrain_electric,Eastern,PJ/y,0,0,0,0,0,0,0
passengertrain_hydrogenfc,Eastern,PJ/y,0,0,0,0,0,0,0
passengertrain_addtrackelec,Eastern,PJ/y,0,0,0,0,0,0,0
freighttrain_diesel,Eastern,PJ/y,2.401610425,1.801207819,1.200805212,0.600402606,0,0,0
freighttrain_electric,Eastern,PJ/y,0.026235728,0.019676796,0.013117864,0.006558932,0,0,0
freighttrain_hydrogenfc,Eastern,PJ/y,0,0,0,0,0,0,0
freighttrain_addtrackelec,Eastern,PJ/y,0,0,0,0,0,0,0
freighttrain_coal,Eastern,PJ/y,0,0,0,0,0,0,0
shipping_heavyoil,Eastern,PJ/y,3.95793136,2.96844852,1.97896568,0.98948284,0,0,0
passengerjet_kerosene,Eastern,PJ/y,2.660061392,1.995046044,1.330030696,0.665015348,0,0,0
freightjet_kerosene,Eastern,PJ/y,0,0,0,0,0,0,0
cars_petrol,Western,PJ/y,1.12E+02,83.83331131,55.8888742,27.9444371,0,0,0
cars_lpg,Western,PJ/y,0.837408407,0.628056306,0.418704204,0.209352102,0,0,0
cars_hybridpetrol,Western,PJ/y,3.355487617,2.516615712,1.677743808,0.838871904,0,0,0
cars_diesel,Western,PJ/y,10.13732885,7.60299664,5.068664427,2.534332213,0,0,0
cars_hybriddiesel,Western,PJ/y,1.726007104,1.294505328,0.863003552,0.431501776,0,0,0
cars_pluginhybriddiesel,Western,PJ/y,1.732235962,1.299176971,0.866117981,0.43305899,0,0,0
cars_hydrogenfc,Western,PJ/y,0,0,0,0,0,0,0
cars_hybridhydrogenfc,Western,PJ/y,0,0,0,0,0,0,0
cars_pluginhybridhydrogenfc,Western,PJ/y,0,0,0,0,0,0,0
cars_hybridliquidhydrogen,Western,PJ/y,0,0,0,0,0,0,0
cars_cng,Western,PJ/y,0,0,0,0,0,0,0
cars_flexiblefuel,Western,PJ/y,0,0,0,0,0,0,0
cars_battery,Western,PJ/y,3.477019879,2.607764909,1.738509939,0.86925497,0,0,0
bus_diesel,Western,PJ/y,13.75506815,10.31630111,6.877534073,3.438767037,0,0,0
bus_hybriddiesel,Western,PJ/y,1.770108439,1.327581329,0.88505422,0.44252711,0,0,0
bus_battery,Western,PJ/y,1.776660275,1.332495206,0.888330138,0.444165069,0,0,0
bus_cng,Western,PJ/y,1.783260793,1.337445595,0.891630397,0.445815198,0,0,0
bus_hybridhydrogenfc,Western,PJ/y,0,0,0,0,0,0,0
lightlorry_diesel,Western,PJ/y,14.31928431,10.73946323,7.159642152,3.579821076,0,0,0
lightlorry_petrol,Western,PJ/y,14.75959007,11.06969255,7.379795034,3.689897517,0,0,0
lightlorry_hybridhydrogenfc,Western,PJ/y,0,0,0,0,0,0,0
lightlorry_hybridliquidhydrogen,Western,PJ/y,0,0,0,0,0,0,0
lightlorry_hybridpetrol,Western,PJ/y,1.427609336,1.070707002,0.713804668,0.356902334,0,0,0
lightlorry_pluginhybridpetrol,Western,PJ/y,1.431867978,1.073900984,0.715933989,0.357966995,0,0,0
lightlorry_hybriddiesel,Western,PJ/y,1.914869471,1.436152104,0.957434736,0.478717368,0,0,0
lightlorry_pluginhybriddiesel,Western,PJ/y,0.96126954,0.720952155,0.48063477,0.240317385,0,0,0
lightlorry_cng,Western,PJ/y,1.926396967,1.444797726,0.963198484,0.481599242,0,0,0
lightlorry_lpg,Western,PJ/y,1.934159382,1.450619536,0.967079691,0.483539845,0,0,0
heavylorry_diesel,Western,PJ/y,15.53587685,11.65190764,7.767938427,3.883969213,0,0,0
heavylorry_hybriddiesel,Western,PJ/y,2.006942118,1.505206588,1.003471059,0.501735529,0,0,0
heavylorry_hybridhydrogenfc,Western,PJ/y,0,0,0,0,0,0,0
heavylorry_cng,Western,PJ/y,2.015368635,1.511526476,1.007684317,0.503842159,0,0,0
heavylorry_petrol,Western,PJ/y,16.19092969,12.14319727,8.095464846,4.047732423,0,0,0
passengertrain_diesel,Western,PJ/y,0.424710285,0.318532714,0.212355143,0.106177571,0,0,0
passengertrain_electric,Western,PJ/y,0,0,0,0,0,0,0
passengertrain_hydrogenfc,Western,PJ/y,0,0,0,0,0,0,0
passengertrain_addtrackelec,Western,PJ/y,0,0,0,0,0,0,0
freighttrain_diesel,Western,PJ/y,5.586849922,4.190137441,2.793424961,1.39671248,0,0,0
freighttrain_electric,Western,PJ/y,0.061441767,0.046081325,0.030720883,0.015360442,0,0,0
freighttrain_hydrogenfc,Western,PJ/y,0,0,0,0,0,0,0
freighttrain_addtrackelec,Western,PJ/y,0,0,0,0,0,0,0
freighttrain_coal,Western,PJ/y,0,0,0,0,0,0,0
shipping_heavyoil,Western,PJ/y,2.735687886,2.051765914,1.367843943,0.683921971,0,0,0
passengerjet_kerosene,Western,PJ/y,20.15194419,15.11395814,10.07597209,5.037986047,0,0,0
freightjet_kerosene,Western,PJ/y,3.133790004,2.350342503,1.566895002,0.783447501,0,0,0
cars_petrol,Northwest,PJ/y,46.98342266,35.237567,23.49171133,11.74585567,0,0,0
cars_lpg,Northwest,PJ/y,0.299317506,0.224488129,0.149658753,0.074829376,0,0,0
cars_hybridpetrol,Northwest,PJ/y,1.198017079,0.89851281,0.59900854,0.29950427,0,0,0
cars_diesel,Northwest,PJ/y,3.603043964,2.702282973,1.801521982,0.900760991,0,0,0
cars_hybriddiesel,Northwest,PJ/y,0.605049032,0.453786774,0.302524516,0.151262258,0,0,0
cars_pluginhybriddiesel,Northwest,PJ/y,0.60581267,0.454359503,0.302906335,0.151453168,0,0,0
cars_hydrogenfc,Northwest,PJ/y,0,0,0,0,0,0,0
cars_hybridhydrogenfc,Northwest,PJ/y,0,0,0,0,0,0,0
cars_pluginhybridhydrogenfc,Northwest,PJ/y,0,0,0,0,0,0,0
cars_hybridliquidhydrogen,Northwest,PJ/y,0,0,0,0,0,0,0
cars_cng,Northwest,PJ/y,0,0,0,0,0,0,0
cars_flexiblefuel,Northwest,PJ/y,0,0,0,0,0,0,0
cars_battery,Northwest,PJ/y,1.213156477,0.909867358,0.606578239,0.303289119,0,0,0
bus_diesel,Northwest,PJ/y,4.5144338,3.38582535,2.2572169,1.12860845,0,0,0
bus_hybriddiesel,Northwest,PJ/y,0.569661935,0.427246451,0.284830968,0.142415484,0,0,0
bus_battery,Northwest,PJ/y,0.570338811,0.427754108,0.285169405,0.142584703,0,0,0
bus_cng,Northwest,PJ/y,0.571017297,0.428262973,0.285508648,0.142754324,0,0,0
bus_hybridhydrogenfc,Northwest,PJ/y,0,0,0,0,0,0,0
lightlorry_diesel,Northwest,PJ/y,4.573579198,3.430184398,2.286789599,1.143394799,0,0,0
lightlorry_petrol,Northwest,PJ/y,4.617576809,3.463182606,2.308788404,1.154394202,0,0,0
lightlorry_hybridhydrogenfc,Northwest,PJ/y,0,0,0,0,0,0,0
lightlorry_hybridliquidhydrogen,Northwest,PJ/y,0,0,0,0,0,0,0
lightlorry_hybridpetrol,Northwest,PJ/y,0.437102733,0.32782705,0.218551367,0.109275683,0,0,0
lightlorry_pluginhybridpetrol,Northwest,PJ/y,0.437501135,0.328125851,0.218750568,0.109375284,0,0,0
lightlorry_hybriddiesel,Northwest,PJ/y,0.583867018,0.437900263,0.291933509,0.145966754,0,0,0
lightlorry_pluginhybriddiesel,Northwest,PJ/y,0.292289047,0.219216785,0.146144524,0.073072262,0,0,0
lightlorry_cng,Northwest,PJ/y,0.58493428,0.43870071,0.29246714,0.14623357,0,0,0
lightlorry_lpg,Northwest,PJ/y,0.585647958,0.439235968,0.292823979,0.14641199,0,0,0
heavylorry_diesel,Northwest,PJ/y,4.690907045,3.518180283,2.345453522,1.172726761,0,0,0
heavylorry_hybriddiesel,Northwest,PJ/y,0.592150301,0.444112726,0.29607515,0.148037575,0,0,0
heavylorry_hybridhydrogenfc,Northwest,PJ/y,0,0,0,0,0,0,0
heavylorry_cng,Northwest,PJ/y,0.592881707,0.44466128,0.296440854,0.148220427,0,0,0
heavylorry_petrol,Northwest,PJ/y,4.748919387,3.56168954,2.374459693,1.187229847,0,0,0
passengertrain_diesel,Northwest,PJ/y,0.120792992,0.090594744,0.060396496,0.030198248,0,0,0
passengertrain_electric,Northwest,PJ/y,0,0,0,0,0,0,0
passengertrain_hydrogenfc,Northwest,PJ/y,0,0,0,0,0,0,0
passengertrain_addtrackelec,Northwest,PJ/y,0,0,0,0,0,0,0
freighttrain_diesel,Northwest,PJ/y,1.58796465,1.190973488,0.793982325,0.396991163,0,0,0
freighttrain_electric,Northwest,PJ/y,0.017317777,0.012988333,0.008658888,0.004329444,0,0,0
freighttrain_hydrogenfc,Northwest,PJ/y,0,0,0,0,0,0,0
freighttrain_addtrackelec,Northwest,PJ/y,0,0,0,0,0,0,0
freighttrain_coal,Northwest,PJ/y,0,0,0,0,0,0,0
shipping_heavyoil,Northwest,PJ/y,1.259425798,0.944569349,0.629712899,0.31485645,0,0,0
passengerjet_kerosene,Northwest,PJ/y,2.85609162,2.142068715,1.42804581,0.714022905,0,0,0
freightjet_kerosene,Northwest,PJ/y,0,0,0,0,0,0,0
cars_petrol,North,PJ/y,54.10786347,40.58089761,27.05393174,13.52696587,0,0,0
cars_lpg,North,PJ/y,0.350471537,0.262853653,0.175235768,0.087617884,0,0,0
cars_hybridpetrol,North,PJ/y,1.402910481,1.052182861,0.701455241,0.35072762,0,0,0
cars_diesel,North,PJ/y,4.221068489,3.165801367,2.110534244,1.055267122,0,0,0
cars_hybriddiesel,North,PJ/y,0.709752906,0.532314679,0.354876453,0.177438226,0,0,0
cars_pluginhybriddiesel,North,PJ/y,0.710803937,0.533102953,0.355401969,0.177700984,0,0,0
cars_hydrogenfc,North,PJ/y,0,0,0,0,0,0,0
cars_hybridhydrogenfc,North,PJ/y,0,0,0,0,0,0,0
cars_pluginhybridhydrogenfc,North,PJ/y,0,0,0,0,0,0,0
cars_hybridliquidhydrogen,North,PJ/y,0,0,0,0,0,0,0
cars_cng,North,PJ/y,0,0,0,0,0,0,0
cars_flexiblefuel,North,PJ/y,0,0,0,0,0,0,0
cars_battery,North,PJ/y,1.423716172,1.067787129,0.711858086,0.355929043,0,0,0
bus_diesel,North,PJ/y,4.341330363,3.255997772,2.170665181,1.085332591,0,0,0
bus_hybriddiesel,North,PJ/y,0.547619204,0.410714403,0.273809602,0.136904801,0,0,0
bus_battery,North,PJ/y,0.548244681,0.411183511,0.274122341,0.13706117,0,0,0
bus_cng,North,PJ/y,0.54887159,0.411653692,0.274435795,0.137217897,0,0,0
bus_hybridhydrogenfc,North,PJ/y,0,0,0,0,0,0,0
lightlorry_diesel,North,PJ/y,4.395999463,3.296999597,2.197999732,1.098999866,0,0,0
lightlorry_petrol,North,PJ/y,4.436631609,3.327473707,2.218315805,1.109157902,0,0,0
lightlorry_hybridhydrogenfc,North,PJ/y,0,0,0,0,0,0,0
lightlorry_hybridliquidhydrogen,North,PJ/y,0,0,0,0,0,0,0
lightlorry_hybridpetrol,North,PJ/y,0.419814552,0.314860914,0.209907276,0.104953638,0,0,0
lightlorry_pluginhybridpetrol,North,PJ/y,0.420182049,0.315136537,0.210091025,0.105045512,0,0,0
lightlorry_hybriddiesel,North,PJ/y,0.560733587,0.42055019,0.280366793,0.140183397,0,0,0
lightlorry_pluginhybriddiesel,North,PJ/y,0.2806947,0.210521025,0.14034735,0.070173675,0,0,0
lightlorry_cng,North,PJ/y,0.561717881,0.421288411,0.28085894,0.14042947,0,0,0
lightlorry_lpg,North,PJ/y,0.562375999,0.421781999,0.281187999,0.140594,0,0,0
heavylorry_diesel,North,PJ/y,4.504285283,3.378213963,2.252142642,1.126071321,0,0,0
heavylorry_hybriddiesel,North,PJ/y,0.568369196,0.426276897,0.284184598,0.142092299,0,0,0
heavylorry_hybridhydrogenfc,North,PJ/y,0,0,0,0,0,0,0
heavylorry_cng,North,PJ/y,0.569043001,0.426782251,0.284521501,0.14226075,0,0,0
heavylorry_petrol,North,PJ/y,4.557747247,3.418310435,2.278873623,1.139436812,0,0,0
passengertrain_diesel,North,PJ/y,0.152149696,0.114112272,0.076074848,0.038037424,0,0,0
passengertrain_electric,North,PJ/y,0,0,0,0,0,0,0
passengertrain_hydrogenfc,North,PJ/y,0,0,0,0,0,0,0
passengertrain_addtrackelec,North,PJ/y,0,0,0,0,0,0,0
freighttrain_diesel,North,PJ/y,2.000315779,1.500236834,1.00015789,0.500078945,0,0,0
freighttrain_electric,North,PJ/y,0.02183355,0.016375163,0.010916775,0.005458388,0,0,0
freighttrain_hydrogenfc,North,PJ/y,0,0,0,0,0,0,0
freighttrain_addtrackelec,North,PJ/y,0,0,0,0,0,0,0
freighttrain_coal,North,PJ/y,0,0,0,0,0,0,0
shipping_heavyoil,North,PJ/y,0,0,0,0,0,0,0
passengerjet_kerosene,North,PJ/y,2.010371531,1.507778648,1.005185766,0.502592883,0,0,0
freightjet_kerosene,North,PJ/y,0,0,0,0,0,0,0
cars_petrol,Northeast,PJ/y,1.37E+02,1.03E+02,68.7405688,34.3702844,0,0,0
cars_lpg,Northeast,PJ/y,1.107262555,0.830446916,0.553631277,0.276815639,0,0,0
cars_hybridpetrol,Northeast,PJ/y,4.439290761,3.329468071,2.219645381,1.10982269,0,0,0
cars_diesel,Northeast,PJ/y,13.4421927,10.08164453,6.721096352,3.360548176,0,0,0
cars_hybriddiesel,Northeast,PJ/y,2.30491356,1.72868517,1.15245678,0.57622839,0,0,0
cars_pluginhybriddiesel,Northeast,PJ/y,2.316034935,1.737026201,1.158017468,0.579008734,0,0,0
cars_hydrogenfc,Northeast,PJ/y,0,0,0,0,0,0,0
cars_hybridhydrogenfc,Northeast,PJ/y,0,0,0,0,0,0,0
cars_pluginhybridhydrogenfc,Northeast,PJ/y,0,0,0,0,0,0,0
cars_hybridliquidhydrogen,Northeast,PJ/y,0,0,0,0,0,0,0
cars_cng,Northeast,PJ/y,0,0,0,0,0,0,0
cars_flexiblefuel,Northeast,PJ/y,0,0,0,0,0,0,0
cars_battery,Northeast,PJ/y,4.654528308,3.490896231,2.327264154,1.163632077,0,0,0
bus_diesel,Northeast,PJ/y,12.47891018,9.359182632,6.239455088,3.119727544,0,0,0
bus_hybriddiesel,Northeast,PJ/y,1.601499114,1.201124335,0.800749557,0.400374779,0,0,0
bus_battery,Northeast,PJ/y,1.606860333,1.20514525,0.803430167,0.401715083,0,0,0
bus_cng,Northeast,PJ/y,1.612257568,1.209193176,0.806128784,0.403064392,0,0,0
bus_hybridhydrogenfc,Northeast,PJ/y,0,0,0,0,0,0,0
lightlorry_diesel,Northeast,PJ/y,12.94152945,9.706147089,6.470764726,3.235382363,0,0,0
lightlorry_petrol,Northeast,PJ/y,13.30012092,9.975090693,6.650060462,3.325030231,0,0,0
lightlorry_hybridhydrogenfc,Northeast,PJ/y,0,0,0,0,0,0,0
lightlorry_hybridliquidhydrogen,Northeast,PJ/y,0,0,0,0,0,0,0
lightlorry_hybridpetrol,Northeast,PJ/y,1.282420391,0.961815294,0.641210196,0.320605098,0,0,0
lightlorry_pluginhybridpetrol,Northeast,PJ/y,1.285855824,0.964391868,0.642927912,0.321463956,0,0,0
lightlorry_hybriddiesel,Northeast,PJ/y,1.719079618,1.289309713,0.859539809,0.429769905,0,0,0
lightlorry_pluginhybriddiesel,Northeast,PJ/y,0.862629243,0.646971932,0.431314622,0.215657311,0,0,0
lightlorry_cng,Northeast,PJ/y,1.728364606,1.296273455,0.864182303,0.432091152,0,0,0
lightlorry_lpg,Northeast,PJ/y,1.734610522,1.300957891,0.867305261,0.433652631,0,0,0
heavylorry_diesel,Northeast,PJ/y,13.92721394,10.44541046,6.96360697,3.481803485,0,0,0
heavylorry_hybriddiesel,Northeast,PJ/y,1.79292347,1.344692603,0.896461735,0.448230868,0,0,0
heavylorry_hybridhydrogenfc,Northeast,PJ/y,0,0,0,0,0,0,0
heavylorry_cng,Northeast,PJ/y,1.79964561,1.349734207,0.899822805,0.449911402,0,0,0
heavylorry_petrol,Northeast,PJ/y,14.45134675,10.83851006,7.225673374,3.612836687,0,0,0
passengertrain_diesel,Northeast,PJ/y,0.39975926,0.299819445,0.19987963,0.099939815,0,0,0
passengertrain_electric,Northeast,PJ/y,0,0,0,0,0,0,0
passengertrain_hydrogenfc,Northeast,PJ/y,0,0,0,0,0,0,0
passengertrain_addtrackelec,Northeast,PJ/y,0,0,0,0,0,0,0
freighttrain_diesel,Northeast,PJ/y,5.258358184,3.943768638,2.629179092,1.314589546,0,0,0
freighttrain_electric,Northeast,PJ/y,0.057789143,0.043341857,0.028894571,0.014447286,0,0,0
freighttrain_hydrogenfc,Northeast,PJ/y,0,0,0,0,0,0,0
freighttrain_addtrackelec,Northeast,PJ/y,0,0,0,0,0,0,0
freighttrain_coal,Northeast,PJ/y,0,0,0,0,0,0,0
shipping_heavyoil,Northeast,PJ/y,7.453698523,5.590273892,3.726849261,1.863424631,0,0,0
passengerjet_kerosene,Northeast,PJ/y,25.00997317,18.75747988,12.50498659,6.252493293,0,0,0
freightjet_kerosene,Northeast,PJ/y,3.930779137,2.948084352,1.965389568,0.982694784,0,0,0
cars_petrol,BajaCalif,PJ/y,1.13E+02,84.81250859,56.54167239,28.2708362,0,0,0
cars_lpg,BajaCalif,PJ/y,0.850204126,0.637653094,0.425102063,0.212551032,0,0,0
cars_hybridpetrol,BajaCalif,PJ/y,3.406850925,2.555138193,1.703425462,0.851712731,0,0,0
cars_diesel,BajaCalif,PJ/y,10.29361278,7.720209583,5.146806389,2.573403194,0,0,0
cars_hybriddiesel,BajaCalif,PJ/y,1.75319954,1.314899655,0.87659977,0.438299885,0,0,0
cars_pluginhybriddiesel,BajaCalif,PJ/y,1.759626574,1.319719931,0.879813287,0.439906644,0,0,0
cars_hydrogenfc,BajaCalif,PJ/y,0,0,0,0,0,0,0
cars_hybridhydrogenfc,BajaCalif,PJ/y,0,0,0,0,0,0,0
cars_pluginhybridhydrogenfc,BajaCalif,PJ/y,0,0,0,0,0,0,0
cars_hybridliquidhydrogen,BajaCalif,PJ/y,0,0,0,0,0,0,0
cars_cng,BajaCalif,PJ/y,0,0,0,0,0,0,0
cars_flexiblefuel,BajaCalif,PJ/y,0,0,0,0,0,0,0
cars_battery,BajaCalif,PJ/y,3.53220181,2.649151357,1.766100905,0.883050453,0,0,0
bus_diesel,BajaCalif,PJ/y,7.650189151,5.737641863,3.825094576,1.912547288,0,0,0
bus_hybriddiesel,BajaCalif,PJ/y,0.971761476,0.728821107,0.485880738,0.242940369,0,0,0
bus_battery,BajaCalif,PJ/y,0.973732801,0.730299601,0.486866401,0.2434332,0,0,0
bus_cng,BajaCalif,PJ/y,0.97571214,0.731784105,0.48785607,0.243928035,0,0,0
bus_hybridhydrogenfc,BajaCalif,PJ/y,0,0,0,0,0,0,0
lightlorry_diesel,BajaCalif,PJ/y,7.82159634,5.866197255,3.91079817,1.955399085,0,0,0
lightlorry_petrol,BajaCalif,PJ/y,7.951160439,5.963370329,3.97558022,1.98779011,0,0,0
lightlorry_hybridhydrogenfc,BajaCalif,PJ/y,0,0,0,0,0,0,0
lightlorry_hybridliquidhydrogen,BajaCalif,PJ/y,0,0,0,0,0,0,0
lightlorry_hybridpetrol,BajaCalif,PJ/y,0.75797712,0.56848284,0.37898856,0.18949428,0,0,0
lightlorry_pluginhybridpetrol,BajaCalif,PJ/y,0.759175949,0.569381962,0.379587974,0.189793987,0,0,0
lightlorry_hybriddiesel,BajaCalif,PJ/y,1.013838102,0.760378577,0.506919051,0.253459526,0,0,0
lightlorry_pluginhybriddiesel,BajaCalif,PJ/y,0.507992014,0.380994011,0.253996007,0.126998004,0,0,0
lightlorry_cng,BajaCalif,PJ/y,1.017060398,0.762795298,0.508530199,0.2542651,0,0,0
lightlorry_lpg,BajaCalif,PJ/y,1.019219998,0.764414999,0.509609999,0.254805,0,0,0
heavylorry_diesel,BajaCalif,PJ/y,8.171110314,6.128332735,4.085555157,2.042777578,0,0,0
heavylorry_hybriddiesel,BajaCalif,PJ/y,1.039077152,0.779307864,0.519538576,0.259769288,0,0,0
heavylorry_hybridhydrogenfc,BajaCalif,PJ/y,0,0,0,0,0,0,0
heavylorry_cng,BajaCalif,PJ/y,1.041331368,0.780998526,0.520665684,0.260332842,0,0,0
heavylorry_petrol,BajaCalif,PJ/y,8.348763085,6.261572314,4.174381542,2.087190771,0,0,0
passengertrain_diesel,BajaCalif,PJ/y,0.221527982,0.166145986,0.110763991,0.055381995,0,0,0
passengertrain_electric,BajaCalif,PJ/y,0,0,0,0,0,0,0
passengertrain_hydrogenfc,BajaCalif,PJ/y,0,0,0,0,0,0,0
passengertrain_addtrackelec,BajaCalif,PJ/y,0,0,0,0,0,0,0
freighttrain_diesel,BajaCalif,PJ/y,2.912854977,2.184641233,1.456427489,0.728213744,0,0,0
freighttrain_electric,BajaCalif,PJ/y,0.031854775,0.023891082,0.015927388,0.007963694,0,0,0
freighttrain_hydrogenfc,BajaCalif,PJ/y,0,0,0,0,0,0,0
freighttrain_addtrackelec,BajaCalif,PJ/y,0,0,0,0,0,0,0
freighttrain_coal,BajaCalif,PJ/y,0,0,0,0,0,0,0
shipping_heavyoil,BajaCalif,PJ/y,5.65112204,4.23834153,2.82556102,1.41278051,0,0,0
passengerjet_kerosene,BajaCalif,PJ/y,6.384022859,4.788017144,3.192011429,1.596005715,0,0,0
freightjet_kerosene,BajaCalif,PJ/y,0,0,0,0,0,0,0
cars_petrol,BajaCalifSouth,PJ/y,45.30256397,33.97692298,22.65128199,11.32564099,0,0,0
cars_lpg,BajaCalifSouth,PJ/y,0.287493275,0.215619957,0.143746638,0.071873319,0,0,0
cars_hybridpetrol,BajaCalifSouth,PJ/y,1.150662287,0.862996716,0.575331144,0.287665572,0,0,0
cars_diesel,BajaCalifSouth,PJ/y,3.460281901,2.595211426,1.730140951,0.865070475,0,0,0
cars_hybriddiesel,BajaCalifSouth,PJ/y,0.580901322,0.435675992,0.290450661,0.145225331,0,0,0
cars_pluginhybriddiesel,BajaCalifSouth,PJ/y,0.581605187,0.436203891,0.290802594,0.145401297,0,0,0
cars_hydrogenfc,BajaCalifSouth,PJ/y,0,0,0,0,0,0,0
cars_hybridhydrogenfc,BajaCalifSouth,PJ/y,0,0,0,0,0,0,0
cars_pluginhybridhydrogenfc,BajaCalifSouth,PJ/y,0,0,0,0,0,0,0
cars_hybridliquidhydrogen,BajaCalifSouth,PJ/y,0,0,0,0,0,0,0
cars_cng,BajaCalifSouth,PJ/y,0,0,0,0,0,0,0
cars_flexiblefuel,BajaCalifSouth,PJ/y,0,0,0,0,0,0,0
cars_battery,BajaCalifSouth,PJ/y,1.164621517,0.873466138,0.582310759,0.291155379,0,0,0
bus_diesel,BajaCalifSouth,PJ/y,3.518339227,2.63875442,1.759169613,0.879584807,0,0,0
bus_hybriddiesel,BajaCalifSouth,PJ/y,0.443039831,0.332279873,0.221519916,0.110759958,0,0,0
bus_battery,BajaCalifSouth,PJ/y,0.443449135,0.332586851,0.221724567,0.110862284,0,0,0
bus_cng,BajaCalifSouth,PJ/y,0.443859195,0.332894396,0.221929598,0.110964799,0,0,0
bus_hybridhydrogenfc,BajaCalifSouth,PJ/y,0,0,0,0,0,0,0
lightlorry_diesel,BajaCalifSouth,PJ/y,3.554160099,2.665620074,1.77708005,0.888540025,0,0,0
lightlorry_petrol,BajaCalifSouth,PJ/y,3.580673195,2.685504896,1.790336597,0.895168299,0,0,0
lightlorry_hybridhydrogenfc,BajaCalifSouth,PJ/y,0,0,0,0,0,0,0
lightlorry_hybridliquidhydrogen,BajaCalifSouth,PJ/y,0,0,0,0,0,0,0
lightlorry_hybridpetrol,BajaCalifSouth,PJ/y,0.338211076,0.253658307,0.169105538,0.084552769,0,0,0
lightlorry_pluginhybridpetrol,BajaCalifSouth,PJ/y,0.33844955,0.253837163,0.169224775,0.084612388,0,0,0
lightlorry_hybriddiesel,BajaCalifSouth,PJ/y,0.451584484,0.338688363,0.225792242,0.112896121,0,0,0
lightlorry_pluginhybriddiesel,BajaCalifSouth,PJ/y,0.226004866,0.169503649,0.113002433,0.056501216,0,0,0
lightlorry_cng,BajaCalifSouth,PJ/y,0.452222661,0.339166996,0.226111331,0.113055665,0,0,0
lightlorry_lpg,BajaCalifSouth,PJ/y,0.452649116,0.339486837,0.226324558,0.113162279,0,0,0
heavylorry_diesel,BajaCalifSouth,PJ/y,3.624610985,2.718458239,1.812305493,0.906152746,0,0,0
heavylorry_hybriddiesel,BajaCalifSouth,PJ/y,0.45652371,0.342392783,0.228261855,0.114130928,0,0,0
heavylorry_hybridhydrogenfc,BajaCalifSouth,PJ/y,0,0,0,0,0,0,0
heavylorry_cng,BajaCalifSouth,PJ/y,0.456958319,0.34271874,0.22847916,0.11423958,0,0,0
heavylorry_petrol,BajaCalifSouth,PJ/y,3.659150036,2.744362527,1.829575018,0.914787509,0,0,0
passengertrain_diesel,BajaCalifSouth,PJ/y,0,0,0,0,0,0,0
passengertrain_electric,BajaCalifSouth,PJ/y,0,0,0,0,0,0,0
passengertrain_hydrogenfc,BajaCalifSouth,PJ/y,0,0,0,0,0,0,0
passengertrain_addtrackelec,BajaCalifSouth,PJ/y,0,0,0,0,0,0,0
freighttrain_diesel,BajaCalifSouth,PJ/y,0,0,0,0,0,0,0
freighttrain_electric,BajaCalifSouth,PJ/y,0,0,0,0,0,0,0
freighttrain_hydrogenfc,BajaCalifSouth,PJ/y,0,0,0,0,0,0,0
freighttrain_addtrackelec,BajaCalifSouth,PJ/y,0,0,0,0,0,0,0
freighttrain_coal,BajaCalifSouth,PJ/y,0,0,0,0,0,0,0
shipping_heavyoil,BajaCalifSouth,PJ/y,10.45951858,7.844638938,5.229759292,2.614879646,0,0,0
passengerjet_kerosene,BajaCalifSouth,PJ/y,48.34370421,36.25777815,24.1718521,12.08592605,0,0,0
freightjet_kerosene,BajaCalifSouth,PJ/y,8.008831169,6.006623377,4.004415585,2.002207792,0,0,0
cars_petrol,Peninsular,,2.10E+02,1.58E+02,1.05E+02,52.5389106,0,0,0
cars_lpg,Peninsular,,2.148422549,1.611316912,1.074211275,0.537105637,0,0,0
cars_hybridpetrol,Peninsular,,8.632327462,6.474245597,4.316163731,2.158081866,0,0,0
cars_diesel,Peninsular,,26.37124325,19.77843244,13.18562163,6.592810812,0,0,0
cars_hybriddiesel,Peninsular,,4.650718084,3.488038563,2.325359042,1.162679521,0,0,0
cars_pluginhybriddiesel,Peninsular,,4.696219738,3.522164803,2.348109869,1.174054934,0,0,0
cars_hydrogenfc,Peninsular,,0,0,0,0,0,0,0
cars_hybridhydrogenfc,Peninsular,,0,0,0,0,0,0,0
cars_pluginhybridhydrogenfc,Peninsular,,0,0,0,0,0,0,0
cars_hybridliquidhydrogen,Peninsular,,0,0,0,0,0,0,0
cars_cng,Peninsular,,0,0,0,0,0,0,0
cars_flexiblefuel,Peninsular,,0,0,0,0,0,0,0
cars_battery,Peninsular,,9.485241078,7.113930809,4.742620539,2.37131027,0,0,0
bus_diesel,Peninsular,PJ/y,19.13527511,14.35145633,9.567637553,4.783818776,0,0,0
bus_hybriddiesel,Peninsular,PJ/y,2.491222354,1.868416766,1.245611177,0.622805589,0,0,0
bus_battery,Peninsular,PJ/y,2.504219369,1.878164527,1.252109685,0.626054842,0,0,0
bus_cng,Peninsular,PJ/y,2.51735271,1.888014532,1.258676355,0.629338177,0,0,0
bus_hybridhydrogenfc,Peninsular,PJ/y,0,0,0,0,0,0,0
lightlorry_diesel,Peninsular,PJ/y,20.24499628,15.18374721,10.12249814,5.06124907,0,0,0
lightlorry_petrol,Peninsular,PJ/y,21.13647081,15.8523531,10.5682354,5.284117701,0,0,0
lightlorry_hybridhydrogenfc,Peninsular,PJ/y,0,0,0,0,0,0,0
lightlorry_hybridliquidhydrogen,Peninsular,PJ/y,0,0,0,0,0,0,0
lightlorry_hybridpetrol,Peninsular,PJ/y,2.072819315,1.554614486,1.036409657,0.518204829,0,0,0
lightlorry_pluginhybridpetrol,Peninsular,PJ/y,2.081809345,1.561357009,1.040904673,0.520452336,0,0,0
lightlorry_hybriddiesel,Peninsular,PJ/y,2.787836926,2.090877694,1.393918463,0.696959231,0,0,0
lightlorry_pluginhybriddiesel,Peninsular,PJ/y,1.402061632,1.051546224,0.701030816,0.350515408,0,0,0
lightlorry_cng,Peninsular,PJ/y,2.812337987,2.10925349,1.406168994,0.703084497,0,0,0
lightlorry_lpg,Peninsular,PJ/y,2.828912693,2.12168452,1.414456346,0.707228173,0,0,0
heavylorry_diesel,Peninsular,PJ/y,22.76547143,17.07410357,11.38273571,5.691367857,0,0,0
heavylorry_hybriddiesel,Peninsular,PJ/y,2.98736906,2.240526795,1.49368453,0.746842265,0,0,0
heavylorry_hybridhydrogenfc,Peninsular,PJ/y,0,0,0,0,0,0,0
heavylorry_cng,Peninsular,PJ/y,3.006077944,2.254558458,1.503038972,0.751519486,0,0,0
heavylorry_petrol,Peninsular,PJ/y,24.20018115,18.15013586,12.10009057,6.050045287,0,0,0
passengertrain_diesel,Peninsular,PJ/y,2.086640793,1.564980595,1.043320397,0.521660198,0,0,0
passengertrain_electric,Peninsular,PJ/y,0,0,0,0,0,0,0
passengertrain_hydrogenfc,Peninsular,PJ/y,0,0,0,0,0,0,0
passengertrain_addtrackelec,Peninsular,PJ/y,0,0,0,0,0,0,0
freighttrain_diesel,Peninsular,PJ/y,27.54416086,20.65812065,13.77208043,6.886040215,0,0,0
freighttrain_electric,Peninsular,PJ/y,0.317619209,0.238214407,0.158809605,0.079404802,0,0,0
freighttrain_hydrogenfc,Peninsular,PJ/y,0,0,0,0,0,0,0
freighttrain_addtrackelec,Peninsular,PJ/y,0,0,0,0,0,0,0
freighttrain_coal,Peninsular,PJ/y,0,0,0,0,0,0,0
shipping_heavyoil,Peninsular,PJ/y,92.2176288,69.1632216,46.1088144,23.0544072,0,0,0
passengerjet_kerosene,Peninsular,PJ/y,4.18E+02,3.13E+02,2.09E+02,1.04E+02,0,0,0
freightjet_kerosene,Peninsular,PJ/y,4.80E+02,3.60E+02,2.40E+02,1.20E+02,0,0,0
