dst_region,asset,year,region,technology,installed,capacity
Central,14,2045,Central,BIO,2020,0.01500000000
Central,14,2049,Central,BIO,2020,0.01200000000
Central,14,2050,Central,BIO,2020,0.01120000000
Central,14,2054,Central,BIO,2020,0.00560000000
Central,14,2055,Central,BIO,2020,0.00560000000
Central,14,2059,Central,BIO,2020,0.00560000000
Central,14,2060,Central,BIO,2020,0.00560000000
Central,14,2064,Central,BIO,2020,0.00560000000
Central,14,2065,Central,BIO,2020,0.00560000000
Central,14,2069,Central,BIO,2020,0.00560000000
Central,14,2070,Central,BIO,2020,0.00560000000
Central,14,2074,Central,BIO,2020,0.00560000000
Central,14,2075,Central,BIO,2020,0.00560000000
Central,16,2045,Central,GAS_GT,2020,62.51830000000
Central,16,2049,Central,GAS_GT,2020,50.01470000000
Central,16,2050,Central,GAS_GT,2020,46.88880000000
Central,16,2054,Central,GAS_GT,2020,23.44440000000
Central,16,2055,Central,GAS_GT,2020,23.44440000000
Central,16,2059,Central,GAS_GT,2020,23.44440000000
Central,16,2060,Central,GAS_GT,2020,23.44440000000
Central,16,2064,Central,GAS_GT,2020,23.44440000000
Central,16,2065,Central,GAS_GT,2020,23.44440000000
Central,16,2069,Central,GAS_GT,2020,23.44440000000
Central,16,2070,Central,GAS_GT,2020,23.44440000000
Central,16,2074,Central,GAS_GT,2020,23.44440000000
Central,16,2075,Central,GAS_GT,2020,23.44440000000
Central,18,2045,Central,HYD,2020,1.21230000000
Central,18,2049,Central,HYD,2020,0.96990000000
Central,18,2050,Central,HYD,2020,0.90930000000
Central,18,2054,Central,HYD,2020,0.45460000000
Central,18,2055,Central,HYD,2020,0.45460000000
Central,18,2059,Central,HYD,2020,0.45460000000
Central,18,2060,Central,HYD,2020,0.45460000000
Central,18,2064,Central,HYD,2020,0.45460000000
Central,18,2065,Central,HYD,2020,0.45460000000
Central,18,2069,Central,HYD,2020,0.45460000000
Central,18,2070,Central,HYD,2020,0.45460000000
Central,18,2074,Central,HYD,2020,0.45460000000
Central,18,2075,Central,HYD,2020,0.45460000000
Central,19,2045,Central,OIL,2020,2.06550000000
Central,19,2049,Central,OIL,2020,1.65240000000
Central,19,2050,Central,OIL,2020,1.54910000000
Central,19,2054,Central,OIL,2020,0.77460000000
Central,19,2055,Central,OIL,2020,0.77460000000
Central,19,2059,Central,OIL,2020,0.77460000000
Central,19,2060,Central,OIL,2020,0.77460000000
Central,19,2064,Central,OIL,2020,0.77460000000
Central,19,2065,Central,OIL,2020,0.77460000000
Central,19,2069,Central,OIL,2020,0.77460000000
Central,19,2070,Central,OIL,2020,0.77460000000
Central,19,2074,Central,OIL,2020,0.77460000000
Central,19,2075,Central,OIL,2020,0.77460000000
Central,20,2045,Central,PV_GND,2020,0.31430000000
Central,20,2049,Central,PV_GND,2020,0.25150000000
Central,20,2050,Central,PV_GND,2020,0.23570000000
Central,20,2054,Central,PV_GND,2020,0.11790000000
Central,20,2055,Central,PV_GND,2020,0.11790000000
Central,20,2059,Central,PV_GND,2020,0.11790000000
Central,20,2060,Central,PV_GND,2020,0.11790000000
Central,20,2064,Central,PV_GND,2020,0.11790000000
Central,20,2065,Central,PV_GND,2020,0.11790000000
Central,20,2069,Central,PV_GND,2020,0.11790000000
Central,20,2070,Central,PV_GND,2020,0.11790000000
Central,20,2074,Central,PV_GND,2020,0.11790000000
Central,20,2075,Central,PV_GND,2020,0.11790000000
Eastern,16,2045,Central,GAS_GT,2020,16.94000000000
Eastern,16,2049,Central,GAS_GT,2020,13.55200000000
Eastern,16,2050,Central,GAS_GT,2020,12.70500000000
Eastern,16,2054,Central,GAS_GT,2020,6.35250000000
Eastern,16,2055,Central,GAS_GT,2020,6.35250000000
Eastern,16,2059,Central,GAS_GT,2020,6.35250000000
Eastern,16,2060,Central,GAS_GT,2020,6.35250000000
Eastern,16,2064,Central,GAS_GT,2020,6.35250000000
Eastern,16,2065,Central,GAS_GT,2020,6.35250000000
Eastern,16,2069,Central,GAS_GT,2020,6.35250000000
Eastern,16,2070,Central,GAS_GT,2020,6.35250000000
Eastern,16,2074,Central,GAS_GT,2020,6.35250000000
Eastern,16,2075,Central,GAS_GT,2020,6.35250000000
Eastern,21,2045,Eastern,BIO,2020,2.46960000000
Eastern,21,2049,Eastern,BIO,2020,1.97570000000
Eastern,21,2050,Eastern,BIO,2020,1.85220000000
Eastern,21,2054,Eastern,BIO,2020,0.92610000000
Eastern,21,2055,Eastern,BIO,2020,0.92610000000
Eastern,21,2059,Eastern,BIO,2020,0.92610000000
Eastern,21,2060,Eastern,BIO,2020,0.92610000000
Eastern,21,2064,Eastern,BIO,2020,0.92610000000
Eastern,21,2065,Eastern,BIO,2020,0.92610000000
Eastern,21,2069,Eastern,BIO,2020,0.92610000000
Eastern,21,2070,Eastern,BIO,2020,0.92610000000
Eastern,21,2074,Eastern,BIO,2020,0.92610000000
Eastern,21,2075,Eastern,BIO,2020,0.92610000000
Eastern,24,2045,Eastern,GAS_GT,2020,67.75990000000
Eastern,24,2049,Eastern,GAS_GT,2020,54.20790000000
Eastern,24,2050,Eastern,GAS_GT,2020,50.81990000000
Eastern,24,2054,Eastern,GAS_GT,2020,25.41000000000
Eastern,24,2055,Eastern,GAS_GT,2020,25.41000000000
Eastern,24,2059,Eastern,GAS_GT,2020,25.41000000000
Eastern,24,2060,Eastern,GAS_GT,2020,25.41000000000
Eastern,24,2064,Eastern,GAS_GT,2020,25.41000000000
Eastern,24,2065,Eastern,GAS_GT,2020,25.41000000000
Eastern,24,2069,Eastern,GAS_GT,2020,25.41000000000
Eastern,24,2070,Eastern,GAS_GT,2020,25.41000000000
Eastern,24,2074,Eastern,GAS_GT,2020,25.41000000000
Eastern,24,2075,Eastern,GAS_GT,2020,25.41000000000
Eastern,26,2045,Eastern,HYD,2020,100.14610000000
Eastern,26,2049,Eastern,HYD,2020,80.11690000000
Eastern,26,2050,Eastern,HYD,2020,75.10960000000
Eastern,26,2054,Eastern,HYD,2020,37.55480000000
Eastern,26,2055,Eastern,HYD,2020,37.55480000000
Eastern,26,2059,Eastern,HYD,2020,37.55480000000
Eastern,26,2060,Eastern,HYD,2020,37.55480000000
Eastern,26,2064,Eastern,HYD,2020,37.55480000000
Eastern,26,2065,Eastern,HYD,2020,37.55480000000
Eastern,26,2069,Eastern,HYD,2020,37.55480000000
Eastern,26,2070,Eastern,HYD,2020,37.55480000000
Eastern,26,2074,Eastern,HYD,2020,37.55480000000
Eastern,26,2075,Eastern,HYD,2020,37.55480000000
Eastern,27,2045,Eastern,NUCL,2020,24.24700000000
Eastern,27,2049,Eastern,NUCL,2020,19.39760000000
Eastern,27,2050,Eastern,NUCL,2020,18.18520000000
Eastern,27,2054,Eastern,NUCL,2020,9.09260000000
Eastern,27,2055,Eastern,NUCL,2020,9.09260000000
Eastern,27,2059,Eastern,NUCL,2020,9.09260000000
Eastern,27,2060,Eastern,NUCL,2020,9.09260000000
Eastern,27,2064,Eastern,NUCL,2020,9.09260000000
Eastern,27,2065,Eastern,NUCL,2020,9.09260000000
Eastern,27,2069,Eastern,NUCL,2020,9.09260000000
Eastern,27,2070,Eastern,NUCL,2020,9.09260000000
Eastern,27,2074,Eastern,NUCL,2020,9.09260000000
Eastern,27,2075,Eastern,NUCL,2020,9.09260000000
Eastern,28,2045,Eastern,OIL,2020,4.37040000000
Eastern,28,2049,Eastern,OIL,2020,3.49640000000
Eastern,28,2050,Eastern,OIL,2020,3.27780000000
Eastern,28,2054,Eastern,OIL,2020,1.63890000000
Eastern,28,2055,Eastern,OIL,2020,1.63890000000
Eastern,28,2059,Eastern,OIL,2020,1.63890000000
Eastern,28,2060,Eastern,OIL,2020,1.63890000000
Eastern,28,2064,Eastern,OIL,2020,1.63890000000
Eastern,28,2065,Eastern,OIL,2020,1.63890000000
Eastern,28,2069,Eastern,OIL,2020,1.63890000000
Eastern,28,2070,Eastern,OIL,2020,1.63890000000
Eastern,28,2074,Eastern,OIL,2020,1.63890000000
Eastern,28,2075,Eastern,OIL,2020,1.63890000000
Eastern,30,2045,Eastern,WIND_ON,2020,41.42940000000
Eastern,30,2049,Eastern,WIND_ON,2020,33.14350000000
Eastern,30,2050,Eastern,WIND_ON,2020,31.07210000000
Eastern,30,2054,Eastern,WIND_ON,2020,15.53600000000
Eastern,30,2055,Eastern,WIND_ON,2020,15.53600000000
Eastern,30,2059,Eastern,WIND_ON,2020,15.53600000000
Eastern,30,2060,Eastern,WIND_ON,2020,15.53600000000
Eastern,30,2064,Eastern,WIND_ON,2020,15.53600000000
Eastern,30,2065,Eastern,WIND_ON,2020,15.53600000000
Eastern,30,2069,Eastern,WIND_ON,2020,15.53600000000
Eastern,30,2070,Eastern,WIND_ON,2020,15.53600000000
Eastern,30,2074,Eastern,WIND_ON,2020,15.53600000000
Eastern,30,2075,Eastern,WIND_ON,2020,15.53600000000
Western,16,2045,Central,GAS_GT,2020,20.25070000000
Western,16,2049,Central,GAS_GT,2020,16.20060000000
Western,16,2050,Central,GAS_GT,2020,15.18800000000
Western,16,2054,Central,GAS_GT,2020,7.59400000000
Western,16,2055,Central,GAS_GT,2020,7.59400000000
Western,16,2059,Central,GAS_GT,2020,7.59400000000
Western,16,2060,Central,GAS_GT,2020,7.59400000000
Western,16,2064,Central,GAS_GT,2020,7.59400000000
Western,16,2065,Central,GAS_GT,2020,7.59400000000
Western,16,2069,Central,GAS_GT,2020,7.59400000000
Western,16,2070,Central,GAS_GT,2020,7.59400000000
Western,16,2074,Central,GAS_GT,2020,7.59400000000
Western,16,2075,Central,GAS_GT,2020,7.59400000000
Western,62,2045,Western,BIO,2020,0.59870000000
Western,62,2049,Western,BIO,2020,0.47900000000
Western,62,2050,Western,BIO,2020,0.44900000000
Western,62,2054,Western,BIO,2020,0.22450000000
Western,62,2055,Western,BIO,2020,0.22450000000
Western,62,2059,Western,BIO,2020,0.22450000000
Western,62,2060,Western,BIO,2020,0.22450000000
Western,62,2064,Western,BIO,2020,0.22450000000
Western,62,2065,Western,BIO,2020,0.22450000000
Western,62,2069,Western,BIO,2020,0.22450000000
Western,62,2070,Western,BIO,2020,0.22450000000
Western,62,2074,Western,BIO,2020,0.22450000000
Western,62,2075,Western,BIO,2020,0.22450000000
Western,64,2045,Western,COAL,2020,50.14040000000
Western,64,2049,Western,COAL,2020,40.11230000000
Western,64,2050,Western,COAL,2020,37.60530000000
Western,64,2054,Western,COAL,2020,18.80260000000
Western,64,2055,Western,COAL,2020,18.80260000000
Western,64,2059,Western,COAL,2020,18.80260000000
Western,64,2060,Western,COAL,2020,18.80260000000
Western,64,2064,Western,COAL,2020,18.80260000000
Western,64,2065,Western,COAL,2020,18.80260000000
Western,64,2069,Western,COAL,2020,18.80260000000
Western,64,2070,Western,COAL,2020,18.80260000000
Western,64,2074,Western,COAL,2020,18.80260000000
Western,64,2075,Western,COAL,2020,18.80260000000
Western,66,2045,Western,GAS_GT,2020,81.00290000000
Western,66,2049,Western,GAS_GT,2020,64.80230000000
Western,66,2050,Western,GAS_GT,2020,60.75220000000
Western,66,2054,Western,GAS_GT,2020,30.37610000000
Western,66,2055,Western,GAS_GT,2020,30.37610000000
Western,66,2059,Western,GAS_GT,2020,30.37610000000
Western,66,2060,Western,GAS_GT,2020,30.37610000000
Western,66,2064,Western,GAS_GT,2020,30.37610000000
Western,66,2065,Western,GAS_GT,2020,30.37610000000
Western,66,2069,Western,GAS_GT,2020,30.37610000000
Western,66,2070,Western,GAS_GT,2020,30.37610000000
Western,66,2074,Western,GAS_GT,2020,30.37610000000
Western,66,2075,Western,GAS_GT,2020,30.37610000000
Western,68,2045,Western,GEOTH,2020,4.71470000000
Western,68,2049,Western,GEOTH,2020,3.77180000000
Western,68,2050,Western,GEOTH,2020,3.53600000000
Western,68,2054,Western,GEOTH,2020,1.76800000000
Western,68,2055,Western,GEOTH,2020,1.76800000000
Western,68,2059,Western,GEOTH,2020,1.76800000000
Western,68,2060,Western,GEOTH,2020,1.76800000000
Western,68,2064,Western,GEOTH,2020,1.76800000000
Western,68,2065,Western,GEOTH,2020,1.76800000000
Western,68,2069,Western,GEOTH,2020,1.76800000000
Western,68,2070,Western,GEOTH,2020,1.76800000000
Western,68,2074,Western,GEOTH,2020,1.76800000000
Western,68,2075,Western,GEOTH,2020,1.76800000000
Western,69,2045,Western,HYD,2020,73.53430000000
Western,69,2049,Western,HYD,2020,58.82740000000
Western,69,2050,Western,HYD,2020,55.15070000000
Western,69,2054,Western,HYD,2020,27.57530000000
Western,69,2055,Western,HYD,2020,27.57530000000
Western,69,2059,Western,HYD,2020,27.57530000000
Western,69,2060,Western,HYD,2020,27.57530000000
Western,69,2064,Western,HYD,2020,27.57530000000
Western,69,2065,Western,HYD,2020,27.57530000000
Western,69,2069,Western,HYD,2020,27.57530000000
Western,69,2070,Western,HYD,2020,27.57530000000
Western,69,2074,Western,HYD,2020,27.57530000000
Western,69,2075,Western,HYD,2020,27.57530000000
Western,70,2045,Western,OIL,2020,12.36300000000
Western,70,2049,Western,OIL,2020,9.89040000000
Western,70,2050,Western,OIL,2020,9.27220000000
Western,70,2054,Western,OIL,2020,4.63610000000
Western,70,2055,Western,OIL,2020,4.63610000000
Western,70,2059,Western,OIL,2020,4.63610000000
Western,70,2060,Western,OIL,2020,4.63610000000
Western,70,2064,Western,OIL,2020,4.63610000000
Western,70,2065,Western,OIL,2020,4.63610000000
Western,70,2069,Western,OIL,2020,4.63610000000
Western,70,2070,Western,OIL,2020,4.63610000000
Western,70,2074,Western,OIL,2020,4.63610000000
Western,70,2075,Western,OIL,2020,4.63610000000
Western,71,2045,Western,PV_GND,2020,11.52480000000
Western,71,2049,Western,PV_GND,2020,9.21980000000
Western,71,2050,Western,PV_GND,2020,8.64360000000
Western,71,2054,Western,PV_GND,2020,4.32180000000
Western,71,2055,Western,PV_GND,2020,4.32180000000
Western,71,2059,Western,PV_GND,2020,4.32180000000
Western,71,2060,Western,PV_GND,2020,4.32180000000
Western,71,2064,Western,PV_GND,2020,4.32180000000
Western,71,2065,Western,PV_GND,2020,4.32180000000
Western,71,2069,Western,PV_GND,2020,4.32180000000
Western,71,2070,Western,PV_GND,2020,4.32180000000
Western,71,2074,Western,PV_GND,2020,4.32180000000
Western,71,2075,Western,PV_GND,2020,4.32180000000
Western,72,2045,Western,WIND_ON,2020,15.41630000000
Western,72,2049,Western,WIND_ON,2020,12.33300000000
Western,72,2050,Western,WIND_ON,2020,11.56220000000
Western,72,2054,Western,WIND_ON,2020,5.78110000000
Western,72,2055,Western,WIND_ON,2020,5.78110000000
Western,72,2059,Western,WIND_ON,2020,5.78110000000
Western,72,2060,Western,WIND_ON,2020,5.78110000000
Western,72,2064,Western,WIND_ON,2020,5.78110000000
Western,72,2065,Western,WIND_ON,2020,5.78110000000
Western,72,2069,Western,WIND_ON,2020,5.78110000000
Western,72,2070,Western,WIND_ON,2020,5.78110000000
Western,72,2074,Western,WIND_ON,2020,5.78110000000
Western,72,2075,Western,WIND_ON,2020,5.78110000000
Northwest,50,2045,Northwest,GAS_GT,2020,69.91520000000
Northwest,50,2049,Northwest,GAS_GT,2020,55.93210000000
Northwest,50,2050,Northwest,GAS_GT,2020,52.43640000000
Northwest,50,2054,Northwest,GAS_GT,2020,26.21820000000
Northwest,50,2055,Northwest,GAS_GT,2020,26.21820000000
Northwest,50,2059,Northwest,GAS_GT,2020,26.21820000000
Northwest,50,2060,Northwest,GAS_GT,2020,26.21820000000
Northwest,50,2064,Northwest,GAS_GT,2020,26.21820000000
Northwest,50,2065,Northwest,GAS_GT,2020,26.21820000000
Northwest,50,2069,Northwest,GAS_GT,2020,26.21820000000
Northwest,50,2070,Northwest,GAS_GT,2020,26.21820000000
Northwest,50,2074,Northwest,GAS_GT,2020,26.21820000000
Northwest,50,2075,Northwest,GAS_GT,2020,26.21820000000
Northwest,52,2045,Northwest,HYD,2020,14.36860000000
Northwest,52,2049,Northwest,HYD,2020,11.49490000000
Northwest,52,2050,Northwest,HYD,2020,10.77640000000
Northwest,52,2054,Northwest,HYD,2020,5.38820000000
Northwest,52,2055,Northwest,HYD,2020,5.38820000000
Northwest,52,2059,Northwest,HYD,2020,5.38820000000
Northwest,52,2060,Northwest,HYD,2020,5.38820000000
Northwest,52,2064,Northwest,HYD,2020,5.38820000000
Northwest,52,2065,Northwest,HYD,2020,5.38820000000
Northwest,52,2069,Northwest,HYD,2020,5.38820000000
Northwest,52,2070,Northwest,HYD,2020,5.38820000000
Northwest,52,2074,Northwest,HYD,2020,5.38820000000
Northwest,52,2075,Northwest,HYD,2020,5.38820000000
Northwest,53,2045,Northwest,OIL,2020,0.83820000000
Northwest,53,2049,Northwest,OIL,2020,0.67050000000
Northwest,53,2050,Northwest,OIL,2020,0.62860000000
Northwest,53,2054,Northwest,OIL,2020,0.31430000000
Northwest,53,2055,Northwest,OIL,2020,0.31430000000
Northwest,53,2059,Northwest,OIL,2020,0.31430000000
Northwest,53,2060,Northwest,OIL,2020,0.31430000000
Northwest,53,2064,Northwest,OIL,2020,0.31430000000
Northwest,53,2065,Northwest,OIL,2020,0.31430000000
Northwest,53,2069,Northwest,OIL,2020,0.31430000000
Northwest,53,2070,Northwest,OIL,2020,0.31430000000
Northwest,53,2074,Northwest,OIL,2020,0.31430000000
Northwest,53,2075,Northwest,OIL,2020,0.31430000000
Northwest,54,2045,Northwest,PV_GND,2020,6.82510000000
Northwest,54,2049,Northwest,PV_GND,2020,5.46010000000
Northwest,54,2050,Northwest,PV_GND,2020,5.11880000000
Northwest,54,2054,Northwest,PV_GND,2020,2.55940000000
Northwest,54,2055,Northwest,PV_GND,2020,2.55940000000
Northwest,54,2059,Northwest,PV_GND,2020,2.55940000000
Northwest,54,2060,Northwest,PV_GND,2020,2.55940000000
Northwest,54,2064,Northwest,PV_GND,2020,2.55940000000
Northwest,54,2065,Northwest,PV_GND,2020,2.55940000000
Northwest,54,2069,Northwest,PV_GND,2020,2.55940000000
Northwest,54,2070,Northwest,PV_GND,2020,2.55940000000
Northwest,54,2074,Northwest,PV_GND,2020,2.55940000000
Northwest,54,2075,Northwest,PV_GND,2020,2.55940000000
Northwest,55,2045,Northwest,WIND_ON,2020,0.02990000000
Northwest,55,2049,Northwest,WIND_ON,2020,0.02390000000
Northwest,55,2050,Northwest,WIND_ON,2020,0.02250000000
Northwest,55,2054,Northwest,WIND_ON,2020,0.01120000000
Northwest,55,2055,Northwest,WIND_ON,2020,0.01120000000
Northwest,55,2059,Northwest,WIND_ON,2020,0.01120000000
Northwest,55,2060,Northwest,WIND_ON,2020,0.01120000000
Northwest,55,2064,Northwest,WIND_ON,2020,0.01120000000
Northwest,55,2065,Northwest,WIND_ON,2020,0.01120000000
Northwest,55,2069,Northwest,WIND_ON,2020,0.01120000000
Northwest,55,2070,Northwest,WIND_ON,2020,0.01120000000
Northwest,55,2074,Northwest,WIND_ON,2020,0.01120000000
Northwest,55,2075,Northwest,WIND_ON,2020,0.01120000000
Northwest,66,2045,Western,GAS_GT,2020,17.47880000000
Northwest,66,2049,Western,GAS_GT,2020,13.98300000000
Northwest,66,2050,Western,GAS_GT,2020,13.10910000000
Northwest,66,2054,Western,GAS_GT,2020,6.55450000000
Northwest,66,2055,Western,GAS_GT,2020,6.55450000000
Northwest,66,2059,Western,GAS_GT,2020,6.55450000000
Northwest,66,2060,Western,GAS_GT,2020,6.55450000000
Northwest,66,2064,Western,GAS_GT,2020,6.55450000000
Northwest,66,2065,Western,GAS_GT,2020,6.55450000000
Northwest,66,2069,Western,GAS_GT,2020,6.55450000000
Northwest,66,2070,Western,GAS_GT,2020,6.55450000000
Northwest,66,2074,Western,GAS_GT,2020,6.55450000000
Northwest,66,2075,Western,GAS_GT,2020,6.55450000000
North,32,2045,North,BIO,2020,0.13470000000
North,32,2049,North,BIO,2020,0.10780000000
North,32,2050,North,BIO,2020,0.10100000000
North,32,2054,North,BIO,2020,0.05050000000
North,32,2055,North,BIO,2020,0.05050000000
North,32,2059,North,BIO,2020,0.05050000000
North,32,2060,North,BIO,2020,0.05050000000
North,32,2064,North,BIO,2020,0.05050000000
North,32,2065,North,BIO,2020,0.05050000000
North,32,2069,North,BIO,2020,0.05050000000
North,32,2070,North,BIO,2020,0.05050000000
North,32,2074,North,BIO,2020,0.05050000000
North,32,2075,North,BIO,2020,0.05050000000
North,34,2045,North,GAS_GT,2020,65.46690000000
North,34,2049,North,GAS_GT,2020,52.37350000000
North,34,2050,North,GAS_GT,2020,49.10020000000
North,34,2054,North,GAS_GT,2020,24.55010000000
North,34,2055,North,GAS_GT,2020,24.55010000000
North,34,2059,North,GAS_GT,2020,24.55010000000
North,34,2060,North,GAS_GT,2020,24.55010000000
North,34,2064,North,GAS_GT,2020,24.55010000000
North,34,2065,North,GAS_GT,2020,24.55010000000
North,34,2069,North,GAS_GT,2020,24.55010000000
North,34,2070,North,GAS_GT,2020,24.55010000000
North,34,2074,North,GAS_GT,2020,24.55010000000
North,34,2075,North,GAS_GT,2020,24.55010000000
North,36,2045,North,HYD,2020,0.41910000000
North,36,2049,North,HYD,2020,0.33530000000
North,36,2050,North,HYD,2020,0.31430000000
North,36,2054,North,HYD,2020,0.15720000000
North,36,2055,North,HYD,2020,0.15720000000
North,36,2059,North,HYD,2020,0.15720000000
North,36,2060,North,HYD,2020,0.15720000000
North,36,2064,North,HYD,2020,0.15720000000
North,36,2065,North,HYD,2020,0.15720000000
North,36,2069,North,HYD,2020,0.15720000000
North,36,2070,North,HYD,2020,0.15720000000
North,36,2074,North,HYD,2020,0.15720000000
North,36,2075,North,HYD,2020,0.15720000000
North,38,2045,North,OIL,2020,1.72120000000
North,38,2049,North,OIL,2020,1.37700000000
North,38,2050,North,OIL,2020,1.29090000000
North,38,2054,North,OIL,2020,0.64550000000
North,38,2055,North,OIL,2020,0.64550000000
North,38,2059,North,OIL,2020,0.64550000000
North,38,2060,North,OIL,2020,0.64550000000
North,38,2064,North,OIL,2020,0.64550000000
North,38,2065,North,OIL,2020,0.64550000000
North,38,2069,North,OIL,2020,0.64550000000
North,38,2070,North,OIL,2020,0.64550000000
North,38,2074,North,OIL,2020,0.64550000000
North,38,2075,North,OIL,2020,0.64550000000
North,39,2045,North,PV_GND,2020,16.98790000000
North,39,2049,North,PV_GND,2020,13.59030000000
North,39,2050,North,PV_GND,2020,12.74090000000
North,39,2054,North,PV_GND,2020,6.37040000000
North,39,2055,North,PV_GND,2020,6.37040000000
North,39,2059,North,PV_GND,2020,6.37040000000
North,39,2060,North,PV_GND,2020,6.37040000000
North,39,2064,North,PV_GND,2020,6.37040000000
North,39,2065,North,PV_GND,2020,6.37040000000
North,39,2069,North,PV_GND,2020,6.37040000000
North,39,2070,North,PV_GND,2020,6.37040000000
North,39,2074,North,PV_GND,2020,6.37040000000
North,39,2075,North,PV_GND,2020,6.37040000000
North,50,2045,Northwest,GAS_GT,2020,19.64010000000
North,50,2049,Northwest,GAS_GT,2020,15.71210000000
North,50,2050,Northwest,GAS_GT,2020,14.73000000000
North,50,2054,Northwest,GAS_GT,2020,7.36500000000
North,50,2055,Northwest,GAS_GT,2020,7.36500000000
North,50,2059,Northwest,GAS_GT,2020,7.36500000000
North,50,2060,Northwest,GAS_GT,2020,7.36500000000
North,50,2064,Northwest,GAS_GT,2020,7.36500000000
North,50,2065,Northwest,GAS_GT,2020,7.36500000000
North,50,2069,Northwest,GAS_GT,2020,7.36500000000
North,50,2070,Northwest,GAS_GT,2020,7.36500000000
North,50,2074,Northwest,GAS_GT,2020,7.36500000000
North,50,2075,Northwest,GAS_GT,2020,7.36500000000
Northeast,40,2045,Northeast,BIO,2020,0.28440000000
Northeast,40,2049,Northeast,BIO,2020,0.22750000000
Northeast,40,2050,Northeast,BIO,2020,0.21330000000
Northeast,40,2054,Northeast,BIO,2020,0.10660000000
Northeast,40,2055,Northeast,BIO,2020,0.10660000000
Northeast,40,2059,Northeast,BIO,2020,0.10660000000
Northeast,40,2060,Northeast,BIO,2020,0.10660000000
Northeast,40,2064,Northeast,BIO,2020,0.10660000000
Northeast,40,2065,Northeast,BIO,2020,0.10660000000
Northeast,40,2069,Northeast,BIO,2020,0.10660000000
Northeast,40,2070,Northeast,BIO,2020,0.10660000000
Northeast,40,2074,Northeast,BIO,2020,0.10660000000
Northeast,40,2075,Northeast,BIO,2020,0.10660000000
Northeast,41,2045,Northeast,COAL,2020,19.75680000000
Northeast,41,2049,Northeast,COAL,2020,15.80540000000
Northeast,41,2050,Northeast,COAL,2020,14.81760000000
Northeast,41,2054,Northeast,COAL,2020,7.40880000000
Northeast,41,2055,Northeast,COAL,2020,7.40880000000
Northeast,41,2059,Northeast,COAL,2020,7.40880000000
Northeast,41,2060,Northeast,COAL,2020,7.40880000000
Northeast,41,2064,Northeast,COAL,2020,7.40880000000
Northeast,41,2065,Northeast,COAL,2020,7.40880000000
Northeast,41,2069,Northeast,COAL,2020,7.40880000000
Northeast,41,2070,Northeast,COAL,2020,7.40880000000
Northeast,41,2074,Northeast,COAL,2020,7.40880000000
Northeast,41,2075,Northeast,COAL,2020,7.40880000000
Northeast,42,2045,Northeast,GAS_GT,2020,214.91520000000
Northeast,42,2049,Northeast,GAS_GT,2020,171.93220000000
Northeast,42,2050,Northeast,GAS_GT,2020,161.18640000000
Northeast,42,2054,Northeast,GAS_GT,2020,80.59320000000
Northeast,42,2055,Northeast,GAS_GT,2020,80.59320000000
Northeast,42,2059,Northeast,GAS_GT,2020,80.59320000000
Northeast,42,2060,Northeast,GAS_GT,2020,80.59320000000
Northeast,42,2064,Northeast,GAS_GT,2020,80.59320000000
Northeast,42,2065,Northeast,GAS_GT,2020,80.59320000000
Northeast,42,2069,Northeast,GAS_GT,2020,80.59320000000
Northeast,42,2070,Northeast,GAS_GT,2020,80.59320000000
Northeast,42,2074,Northeast,GAS_GT,2020,80.59320000000
Northeast,42,2075,Northeast,GAS_GT,2020,80.59320000000
Northeast,44,2045,Northeast,HYD,2020,1.76610000000
Northeast,44,2049,Northeast,HYD,2020,1.41290000000
Northeast,44,2050,Northeast,HYD,2020,1.32460000000
Northeast,44,2054,Northeast,HYD,2020,0.66230000000
Northeast,44,2055,Northeast,HYD,2020,0.66230000000
Northeast,44,2059,Northeast,HYD,2020,0.66230000000
Northeast,44,2060,Northeast,HYD,2020,0.66230000000
Northeast,44,2064,Northeast,HYD,2020,0.66230000000
Northeast,44,2065,Northeast,HYD,2020,0.66230000000
Northeast,44,2069,Northeast,HYD,2020,0.66230000000
Northeast,44,2070,Northeast,HYD,2020,0.66230000000
Northeast,44,2074,Northeast,HYD,2020,0.66230000000
Northeast,44,2075,Northeast,HYD,2020,0.66230000000
Northeast,46,2045,Northeast,OIL,2020,3.35270000000
Northeast,46,2049,Northeast,OIL,2020,2.68210000000
Northeast,46,2050,Northeast,OIL,2020,2.51450000000
Northeast,46,2054,Northeast,OIL,2020,1.25730000000
Northeast,46,2055,Northeast,OIL,2020,1.25730000000
Northeast,46,2059,Northeast,OIL,2020,1.25730000000
Northeast,46,2060,Northeast,OIL,2020,1.25730000000
Northeast,46,2064,Northeast,OIL,2020,1.25730000000
Northeast,46,2065,Northeast,OIL,2020,1.25730000000
Northeast,46,2069,Northeast,OIL,2020,1.25730000000
Northeast,46,2070,Northeast,OIL,2020,1.25730000000
Northeast,46,2074,Northeast,OIL,2020,1.25730000000
Northeast,46,2075,Northeast,OIL,2020,1.25730000000
Northeast,47,2045,Northeast,PV_GND,2020,6.94480000000
Northeast,47,2049,Northeast,PV_GND,2020,5.55590000000
Northeast,47,2050,Northeast,PV_GND,2020,5.20860000000
Northeast,47,2054,Northeast,PV_GND,2020,2.60430000000
Northeast,47,2055,Northeast,PV_GND,2020,2.60430000000
Northeast,47,2059,Northeast,PV_GND,2020,2.60430000000
Northeast,47,2060,Northeast,PV_GND,2020,2.60430000000
Northeast,47,2064,Northeast,PV_GND,2020,2.60430000000
Northeast,47,2065,Northeast,PV_GND,2020,2.60430000000
Northeast,47,2069,Northeast,PV_GND,2020,2.60430000000
Northeast,47,2070,Northeast,PV_GND,2020,2.60430000000
Northeast,47,2074,Northeast,PV_GND,2020,2.60430000000
Northeast,47,2075,Northeast,PV_GND,2020,2.60430000000
Northeast,48,2045,Northeast,WIND_ON,2020,37.74750000000
Northeast,48,2049,Northeast,WIND_ON,2020,30.19800000000
Northeast,48,2050,Northeast,WIND_ON,2020,28.31060000000
Northeast,48,2054,Northeast,WIND_ON,2020,14.15530000000
Northeast,48,2055,Northeast,WIND_ON,2020,14.15530000000
Northeast,48,2059,Northeast,WIND_ON,2020,14.15530000000
Northeast,48,2060,Northeast,WIND_ON,2020,14.15530000000
Northeast,48,2064,Northeast,WIND_ON,2020,14.15530000000
Northeast,48,2065,Northeast,WIND_ON,2020,14.15530000000
Northeast,48,2069,Northeast,WIND_ON,2020,14.15530000000
Northeast,48,2070,Northeast,WIND_ON,2020,14.15530000000
Northeast,48,2074,Northeast,WIND_ON,2020,14.15530000000
Northeast,48,2075,Northeast,WIND_ON,2020,14.15530000000
BajaCalif,0,2045,BajaCalif,GAS_GT,2020,33.66140000000
BajaCalif,0,2049,BajaCalif,GAS_GT,2020,26.92910000000
BajaCalif,0,2050,BajaCalif,GAS_GT,2020,25.24610000000
BajaCalif,0,2054,BajaCalif,GAS_GT,2020,12.62300000000
BajaCalif,0,2055,BajaCalif,GAS_GT,2020,12.62300000000
BajaCalif,0,2059,BajaCalif,GAS_GT,2020,12.62300000000
BajaCalif,0,2060,BajaCalif,GAS_GT,2020,12.62300000000
BajaCalif,0,2064,BajaCalif,GAS_GT,2020,12.62300000000
BajaCalif,0,2065,BajaCalif,GAS_GT,2020,12.62300000000
BajaCalif,0,2069,BajaCalif,GAS_GT,2020,12.62300000000
BajaCalif,0,2070,BajaCalif,GAS_GT,2020,12.62300000000
BajaCalif,0,2074,BajaCalif,GAS_GT,2020,12.62300000000
BajaCalif,0,2075,BajaCalif,GAS_GT,2020,12.62300000000
BajaCalif,1,2045,BajaCalif,GEOTH,2020,8.08230000000
BajaCalif,1,2049,BajaCalif,GEOTH,2020,6.46590000000
BajaCalif,1,2050,BajaCalif,GEOTH,2020,6.06170000000
BajaCalif,1,2054,BajaCalif,GEOTH,2020,3.03090000000
BajaCalif,1,2055,BajaCalif,GEOTH,2020,3.03090000000
BajaCalif,1,2059,BajaCalif,GEOTH,2020,3.03090000000
BajaCalif,1,2060,BajaCalif,GEOTH,2020,3.03090000000
BajaCalif,1,2064,BajaCalif,GEOTH,2020,3.03090000000
BajaCalif,1,2065,BajaCalif,GEOTH,2020,3.03090000000
BajaCalif,1,2069,BajaCalif,GEOTH,2020,3.03090000000
BajaCalif,1,2070,BajaCalif,GEOTH,2020,3.03090000000
BajaCalif,1,2074,BajaCalif,GEOTH,2020,3.03090000000
BajaCalif,1,2075,BajaCalif,GEOTH,2020,3.03090000000
BajaCalif,2,2045,BajaCalif,OIL,2020,0.02990000000
BajaCalif,2,2049,BajaCalif,OIL,2020,0.02390000000
BajaCalif,2,2050,BajaCalif,OIL,2020,0.02250000000
BajaCalif,2,2054,BajaCalif,OIL,2020,0.01120000000
BajaCalif,2,2055,BajaCalif,OIL,2020,0.01120000000
BajaCalif,2,2059,BajaCalif,OIL,2020,0.01120000000
BajaCalif,2,2060,BajaCalif,OIL,2020,0.01120000000
BajaCalif,2,2064,BajaCalif,OIL,2020,0.01120000000
BajaCalif,2,2065,BajaCalif,OIL,2020,0.01120000000
BajaCalif,2,2069,BajaCalif,OIL,2020,0.01120000000
BajaCalif,2,2070,BajaCalif,OIL,2020,0.01120000000
BajaCalif,2,2074,BajaCalif,OIL,2020,0.01120000000
BajaCalif,2,2075,BajaCalif,OIL,2020,0.01120000000
BajaCalif,3,2045,BajaCalif,PV_GND,2020,0.10480000000
BajaCalif,3,2049,BajaCalif,PV_GND,2020,0.08380000000
BajaCalif,3,2050,BajaCalif,PV_GND,2020,0.07860000000
BajaCalif,3,2054,BajaCalif,PV_GND,2020,0.03930000000
BajaCalif,3,2055,BajaCalif,PV_GND,2020,0.03930000000
BajaCalif,3,2059,BajaCalif,PV_GND,2020,0.03930000000
BajaCalif,3,2060,BajaCalif,PV_GND,2020,0.03930000000
BajaCalif,3,2064,BajaCalif,PV_GND,2020,0.03930000000
BajaCalif,3,2065,BajaCalif,PV_GND,2020,0.03930000000
BajaCalif,3,2069,BajaCalif,PV_GND,2020,0.03930000000
BajaCalif,3,2070,BajaCalif,PV_GND,2020,0.03930000000
BajaCalif,3,2074,BajaCalif,PV_GND,2020,0.03930000000
BajaCalif,3,2075,BajaCalif,PV_GND,2020,0.03930000000
BajaCalif,6,2045,BajaCalif,WIND_ON,2020,0.14970000000
BajaCalif,6,2049,BajaCalif,WIND_ON,2020,0.11970000000
BajaCalif,6,2050,BajaCalif,WIND_ON,2020,0.11230000000
BajaCalif,6,2054,BajaCalif,WIND_ON,2020,0.05610000000
BajaCalif,6,2055,BajaCalif,WIND_ON,2020,0.05610000000
BajaCalif,6,2059,BajaCalif,WIND_ON,2020,0.05610000000
BajaCalif,6,2060,BajaCalif,WIND_ON,2020,0.05610000000
BajaCalif,6,2064,BajaCalif,WIND_ON,2020,0.05610000000
BajaCalif,6,2065,BajaCalif,WIND_ON,2020,0.05610000000
BajaCalif,6,2069,BajaCalif,WIND_ON,2020,0.05610000000
BajaCalif,6,2070,BajaCalif,WIND_ON,2020,0.05610000000
BajaCalif,6,2074,BajaCalif,WIND_ON,2020,0.05610000000
BajaCalif,6,2075,BajaCalif,WIND_ON,2020,0.05610000000
BajaCalifSouth,7,2045,BajaCalifSouth,GAS_GT,2020,1.69130000000
BajaCalifSouth,7,2049,BajaCalifSouth,GAS_GT,2020,1.35300000000
BajaCalifSouth,7,2050,BajaCalifSouth,GAS_GT,2020,1.26850000000
BajaCalifSouth,7,2054,BajaCalifSouth,GAS_GT,2020,0.63420000000
BajaCalifSouth,7,2055,BajaCalifSouth,GAS_GT,2020,0.63420000000
BajaCalifSouth,7,2059,BajaCalifSouth,GAS_GT,2020,0.63420000000
BajaCalifSouth,7,2060,BajaCalifSouth,GAS_GT,2020,0.63420000000
BajaCalifSouth,7,2064,BajaCalifSouth,GAS_GT,2020,0.63420000000
BajaCalifSouth,7,2065,BajaCalifSouth,GAS_GT,2020,0.63420000000
BajaCalifSouth,7,2069,BajaCalifSouth,GAS_GT,2020,0.63420000000
BajaCalifSouth,7,2070,BajaCalifSouth,GAS_GT,2020,0.63420000000
BajaCalifSouth,7,2074,BajaCalifSouth,GAS_GT,2020,0.63420000000
BajaCalifSouth,7,2075,BajaCalifSouth,GAS_GT,2020,0.63420000000
BajaCalifSouth,8,2045,BajaCalifSouth,OIL,2020,7.10950000000
BajaCalifSouth,8,2049,BajaCalifSouth,OIL,2020,5.68760000000
BajaCalifSouth,8,2050,BajaCalifSouth,OIL,2020,5.33210000000
BajaCalifSouth,8,2054,BajaCalifSouth,OIL,2020,2.66600000000
BajaCalifSouth,8,2055,BajaCalifSouth,OIL,2020,2.66600000000
BajaCalifSouth,8,2059,BajaCalifSouth,OIL,2020,2.66600000000
BajaCalifSouth,8,2060,BajaCalifSouth,OIL,2020,2.66600000000
BajaCalifSouth,8,2064,BajaCalifSouth,OIL,2020,2.66600000000
BajaCalifSouth,8,2065,BajaCalifSouth,OIL,2020,2.66600000000
BajaCalifSouth,8,2069,BajaCalifSouth,OIL,2020,2.66600000000
BajaCalifSouth,8,2070,BajaCalifSouth,OIL,2020,2.66600000000
BajaCalifSouth,8,2074,BajaCalifSouth,OIL,2020,2.66600000000
BajaCalifSouth,8,2075,BajaCalifSouth,OIL,2020,2.66600000000
BajaCalifSouth,10,2045,BajaCalifSouth,PV_GND,2020,1.24230000000
BajaCalifSouth,10,2049,BajaCalifSouth,PV_GND,2020,0.99380000000
BajaCalifSouth,10,2050,BajaCalifSouth,PV_GND,2020,0.93170000000
BajaCalifSouth,10,2054,BajaCalifSouth,PV_GND,2020,0.46590000000
BajaCalifSouth,10,2055,BajaCalifSouth,PV_GND,2020,0.46590000000
BajaCalifSouth,10,2059,BajaCalifSouth,PV_GND,2020,0.46590000000
BajaCalifSouth,10,2060,BajaCalifSouth,PV_GND,2020,0.46590000000
BajaCalifSouth,10,2064,BajaCalifSouth,PV_GND,2020,0.46590000000
BajaCalifSouth,10,2065,BajaCalifSouth,PV_GND,2020,0.46590000000
BajaCalifSouth,10,2069,BajaCalifSouth,PV_GND,2020,0.46590000000
BajaCalifSouth,10,2070,BajaCalifSouth,PV_GND,2020,0.46590000000
BajaCalifSouth,10,2074,BajaCalifSouth,PV_GND,2020,0.46590000000
BajaCalifSouth,10,2075,BajaCalifSouth,PV_GND,2020,0.46590000000
BajaCalifSouth,13,2045,BajaCalifSouth,WIND_ON,2020,0.74840000000
BajaCalifSouth,13,2049,BajaCalifSouth,WIND_ON,2020,0.59870000000
BajaCalifSouth,13,2050,BajaCalifSouth,WIND_ON,2020,0.56130000000
BajaCalifSouth,13,2054,BajaCalifSouth,WIND_ON,2020,0.28060000000
BajaCalifSouth,13,2055,BajaCalifSouth,WIND_ON,2020,0.28060000000
BajaCalifSouth,13,2059,BajaCalifSouth,WIND_ON,2020,0.28060000000
BajaCalifSouth,13,2060,BajaCalifSouth,WIND_ON,2020,0.28060000000
BajaCalifSouth,13,2064,BajaCalifSouth,WIND_ON,2020,0.28060000000
BajaCalifSouth,13,2065,BajaCalifSouth,WIND_ON,2020,0.28060000000
BajaCalifSouth,13,2069,BajaCalifSouth,WIND_ON,2020,0.28060000000
BajaCalifSouth,13,2070,BajaCalifSouth,WIND_ON,2020,0.28060000000
BajaCalifSouth,13,2074,BajaCalifSouth,WIND_ON,2020,0.28060000000
BajaCalifSouth,13,2075,BajaCalifSouth,WIND_ON,2020,0.28060000000
Peninsular,24,2045,Eastern,GAS_GT,2020,13.23860000000
Peninsular,24,2049,Eastern,GAS_GT,2020,10.59080000000
Peninsular,24,2050,Eastern,GAS_GT,2020,9.92890000000
Peninsular,24,2054,Eastern,GAS_GT,2020,4.96450000000
Peninsular,24,2055,Eastern,GAS_GT,2020,4.96450000000
Peninsular,24,2059,Eastern,GAS_GT,2020,4.96450000000
Peninsular,24,2060,Eastern,GAS_GT,2020,4.96450000000
Peninsular,24,2064,Eastern,GAS_GT,2020,4.96450000000
Peninsular,24,2065,Eastern,GAS_GT,2020,4.96450000000
Peninsular,24,2069,Eastern,GAS_GT,2020,4.96450000000
Peninsular,24,2070,Eastern,GAS_GT,2020,4.96450000000
Peninsular,24,2074,Eastern,GAS_GT,2020,4.96450000000
Peninsular,24,2075,Eastern,GAS_GT,2020,4.96450000000
Peninsular,56,2045,Peninsular,GAS_GT,2020,13.23860000000
Peninsular,56,2049,Peninsular,GAS_GT,2020,10.59080000000
Peninsular,56,2050,Peninsular,GAS_GT,2020,9.92890000000
Peninsular,56,2054,Peninsular,GAS_GT,2020,4.96450000000
Peninsular,56,2055,Peninsular,GAS_GT,2020,4.96450000000
Peninsular,56,2059,Peninsular,GAS_GT,2020,4.96450000000
Peninsular,56,2060,Peninsular,GAS_GT,2020,4.96450000000
Peninsular,56,2064,Peninsular,GAS_GT,2020,4.96450000000
Peninsular,56,2065,Peninsular,GAS_GT,2020,4.96450000000
Peninsular,56,2069,Peninsular,GAS_GT,2020,4.96450000000
Peninsular,56,2070,Peninsular,GAS_GT,2020,4.96450000000
Peninsular,56,2074,Peninsular,GAS_GT,2020,4.96450000000
Peninsular,56,2075,Peninsular,GAS_GT,2020,4.96450000000
Peninsular,57,2045,Peninsular,OIL,2020,0.23950000000
Peninsular,57,2049,Peninsular,OIL,2020,0.19160000000
Peninsular,57,2050,Peninsular,OIL,2020,0.17960000000
Peninsular,57,2054,Peninsular,OIL,2020,0.08980000000
Peninsular,57,2055,Peninsular,OIL,2020,0.08980000000
Peninsular,57,2059,Peninsular,OIL,2020,0.08980000000
Peninsular,57,2060,Peninsular,OIL,2020,0.08980000000
Peninsular,57,2064,Peninsular,OIL,2020,0.08980000000
Peninsular,57,2065,Peninsular,OIL,2020,0.08980000000
Peninsular,57,2069,Peninsular,OIL,2020,0.08980000000
Peninsular,57,2070,Peninsular,OIL,2020,0.08980000000
Peninsular,57,2074,Peninsular,OIL,2020,0.08980000000
Peninsular,57,2075,Peninsular,OIL,2020,0.08980000000
Peninsular,58,2045,Peninsular,PV_GND,2020,10.41720000000
Peninsular,58,2049,Peninsular,PV_GND,2020,8.33380000000
Peninsular,58,2050,Peninsular,PV_GND,2020,7.81290000000
Peninsular,58,2054,Peninsular,PV_GND,2020,3.90650000000
Peninsular,58,2055,Peninsular,PV_GND,2020,3.90650000000
Peninsular,58,2059,Peninsular,PV_GND,2020,3.90650000000
Peninsular,58,2060,Peninsular,PV_GND,2020,3.90650000000
Peninsular,58,2064,Peninsular,PV_GND,2020,3.90650000000
Peninsular,58,2065,Peninsular,PV_GND,2020,3.90650000000
Peninsular,58,2069,Peninsular,PV_GND,2020,3.90650000000
Peninsular,58,2070,Peninsular,PV_GND,2020,3.90650000000
Peninsular,58,2074,Peninsular,PV_GND,2020,3.90650000000
Peninsular,58,2075,Peninsular,PV_GND,2020,3.90650000000
Peninsular,59,2045,Peninsular,PV_RFT,2020,0.08980000000
Peninsular,59,2049,Peninsular,PV_RFT,2020,0.07180000000
Peninsular,59,2050,Peninsular,PV_RFT,2020,0.06740000000
Peninsular,59,2054,Peninsular,PV_RFT,2020,0.03370000000
Peninsular,59,2055,Peninsular,PV_RFT,2020,0.03370000000
Peninsular,59,2059,Peninsular,PV_RFT,2020,0.03370000000
Peninsular,59,2060,Peninsular,PV_RFT,2020,0.03370000000
Peninsular,59,2064,Peninsular,PV_RFT,2020,0.03370000000
Peninsular,59,2065,Peninsular,PV_RFT,2020,0.03370000000
Peninsular,59,2069,Peninsular,PV_RFT,2020,0.03370000000
Peninsular,59,2070,Peninsular,PV_RFT,2020,0.03370000000
Peninsular,59,2074,Peninsular,PV_RFT,2020,0.03370000000
Peninsular,59,2075,Peninsular,PV_RFT,2020,0.03370000000
Peninsular,61,2045,Peninsular,WIND_ON,2020,3.83160000000
Peninsular,61,2049,Peninsular,WIND_ON,2020,3.06530000000
Peninsular,61,2050,Peninsular,WIND_ON,2020,2.87370000000
Peninsular,61,2054,Peninsular,WIND_ON,2020,1.43690000000
Peninsular,61,2055,Peninsular,WIND_ON,2020,1.43690000000
Peninsular,61,2059,Peninsular,WIND_ON,2020,1.43690000000
Peninsular,61,2060,Peninsular,WIND_ON,2020,1.43690000000
Peninsular,61,2064,Peninsular,WIND_ON,2020,1.43690000000
Peninsular,61,2065,Peninsular,WIND_ON,2020,1.43690000000
Peninsular,61,2069,Peninsular,WIND_ON,2020,1.43690000000
Peninsular,61,2070,Peninsular,WIND_ON,2020,1.43690000000
Peninsular,61,2074,Peninsular,WIND_ON,2020,1.43690000000
Peninsular,61,2075,Peninsular,WIND_ON,2020,1.43690000000
