ProcessName,RegionName,Unit,2020,2025,2030,2035,2040,2045,2050,2055
resLightingEnergySaving,BajaCalif,PJ/y,4.23328407,2.793967486,1.396983743,0.423328407,0,0,0,0
resLightingCon,BajaCalif,PJ/y,1.612679646,1.064368566,0.532184283,0.161267965,0,0,0,0
resLightingLED,BajaCalif,PJ/y,4.23328407,2.793967486,1.396983743,0.423328407,0,0,0,0
resAppliancesCon,BajaCalif,PJ/y,4.651222946,3.069807144,1.534903572,0.465122295,0,0,0,0
resAppliancesAdv,BajaCalif,PJ/y,0,0,0,0,0,0,0,0
resCookingElec,BajaCalif,PJ/y,0.021320061,0.01407124,0.00703562,0.002132006,0,0,0,0
resCookingNG,BajaCalif,PJ/y,7.11E-05,4.69E-05,2.35E-05,7.11E-06,0,0,0,0
resCookingBiomass,BajaCalif,PJ/y,3.496489942,2.307683362,1.153841681,0.349648994,0,0,0,0
resCookingKerosene,BajaCalif,PJ/y,0.024873404,0.016416447,0.008208223,0.00248734,0,0,0,0
resCookingCoal,BajaCalif,PJ/y,0,0,0,0,0,0,0,0
resAC,BajaCalif,PJ/y,7.236390569,4.776017775,2.388008888,0.723639057,0,0,0,0
resBoilerNG,BajaCalif,PJ/y,2.448572485,1.61605784,0.80802892,0.244857248,0,0,0,0
resBoilerElectric,BajaCalif,PJ/y,0.222597499,0.146914349,0.073457175,0.02225975,0,0,0,0
resBoilerBiomass,BajaCalif,PJ/y,0.370995831,0.244857248,0.122428624,0.037099583,0,0,0,0
resBoilerNG_solarT,BajaCalif,PJ/y,0,0,0,0,0,0,0,0
resBoilerElectriciy_solarT,BajaCalif,PJ/y,0,0,0,0,0,0,0,0
resBoilerBiomass_solarT,BajaCalif,PJ/y,0,0,0,0,0,0,0,0
resASHeatPump,BajaCalif,PJ/y,0.185497915,0.122428624,0.061214312,0.018549792,0,0,0,0
resGSHeatPump,BajaCalif,PJ/y,0.051939416,0.034280015,0.017140007,0.005193942,0,0,0,0
resASHeatPump_solarT,BajaCalif,PJ/y,0,0,0,0,0,0,0,0
resGSHeatPump_solarT,BajaCalif,PJ/y,0,0,0,0,0,0,0,0
resElectricNightStorage,BajaCalif,PJ/y,0,0,0,0,0,0,0,0
resElectricResSA_storage,BajaCalif,PJ/y,0,0,0,0,0,0,0,0
resElectricResSA,BajaCalif,PJ/y,0,0,0,0,0,0,0,0
resCHPNG,BajaCalif,PJ/y,0.259697082,0.171400074,0.085700037,0.025969708,0,0,0,0
resCHPBiomass,BajaCalif,PJ/y,0.037099583,0.024485725,0.012242862,0.003709958,0,0,0,0
resMicroCHPNG,BajaCalif,PJ/y,0,0,0,0,0,0,0,0
resMicroCHPBiomass,BajaCalif,PJ/y,0,0,0,0,0,0,0,0
resBoilerHydrogen,BajaCalif,PJ/y,0,0,0,0,0,0,0,0
resBoilerHydrogen_solarT,BajaCalif,PJ/y,0,0,0,0,0,0,0,0
resBoilerLPG,BajaCalif,PJ/y,0.148398332,0.097942899,0.04897145,0.014839833,0,0,0,0
resCHPFuelCellHdg,BajaCalif,PJ/y,0,0,0,0,0,0,0,0
resCHPHydrogen,BajaCalif,PJ/y,0,0,0,0,0,0,0,0
resCookingHydrogen,BajaCalif,PJ/y,0,0,0,0,0,0,0,0
resCookingLPG,BajaCalif,PJ/y,0.003553343,0.002345207,0.001172603,0.000355334,0,0,0,0
resMicroCHPHydrogen,BajaCalif,PJ/y,0,0,0,0,0,0,0,0
resLightingEnergySaving,BajaCalifSouth,PJ/y,0.896798894,0.59188727,0.295943635,0.089679889,0,0,0,0
resLightingCon,BajaCalifSouth,PJ/y,0.341637674,0.225480865,0.112740432,0.034163767,0,0,0,0
resLightingLED,BajaCalifSouth,PJ/y,0.896798894,0.59188727,0.295943635,0.089679889,0,0,0,0
resAppliancesCon,BajaCalifSouth,PJ/y,0.985337039,0.650322446,0.325161223,0.098533704,0,0,0,0
resAppliancesAdv,BajaCalifSouth,PJ/y,0,0,0,0,0,0,0,0
resCookingElec,BajaCalifSouth,PJ/y,0.004516542,0.002980918,0.001490459,0.000451654,0,0,0,0
resCookingNG,BajaCalifSouth,PJ/y,1.51E-05,9.94E-06,4.97E-06,1.51E-06,0,0,0,0
resCookingBiomass,BajaCalifSouth,PJ/y,0.740712945,0.488870544,0.244435272,0.074071295,0,0,0,0
resCookingKerosene,BajaCalifSouth,PJ/y,0.005269299,0.003477738,0.001738869,0.00052693,0,0,0,0
resCookingCoal,BajaCalifSouth,PJ/y,0,0,0,0,0,0,0,0
resAC,BajaCalifSouth,PJ/y,7.236390569,4.776017775,2.388008888,0.723639057,0,0,0,0
resBoilerNG,BajaCalifSouth,PJ/y,1.682676224,1.110566308,0.555283154,0.168267622,0,0,0,0
resBoilerElectric,BajaCalifSouth,PJ/y,0.152970566,0.100960573,0.050480287,0.015297057,0,0,0,0
resBoilerBiomass,BajaCalifSouth,PJ/y,0.254950943,0.168267622,0.084133811,0.025495094,0,0,0,0
resBoilerNG_solarT,BajaCalifSouth,PJ/y,0,0,0,0,0,0,0,0
resBoilerElectriciy_solarT,BajaCalifSouth,PJ/y,0,0,0,0,0,0,0,0
resBoilerBiomass_solarT,BajaCalifSouth,PJ/y,0,0,0,0,0,0,0,0
resASHeatPump,BajaCalifSouth,PJ/y,0.127475472,0.084133811,0.042066906,0.012747547,0,0,0,0
resGSHeatPump,BajaCalifSouth,PJ/y,0.035693132,0.023557467,0.011778734,0.003569313,0,0,0,0
resASHeatPump_solarT,BajaCalifSouth,PJ/y,0,0,0,0,0,0,0,0
resGSHeatPump_solarT,BajaCalifSouth,PJ/y,0,0,0,0,0,0,0,0
resElectricNightStorage,BajaCalifSouth,PJ/y,0,0,0,0,0,0,0,0
resElectricResSA_storage,BajaCalifSouth,PJ/y,0,0,0,0,0,0,0,0
resElectricResSA,BajaCalifSouth,PJ/y,0,0,0,0,0,0,0,0
resCHPNG,BajaCalifSouth,PJ/y,0.17846566,0.117787336,0.058893668,0.017846566,0,0,0,0
resCHPBiomass,BajaCalifSouth,PJ/y,0.025495094,0.016826762,0.008413381,0.002549509,0,0,0,0
resMicroCHPNG,BajaCalifSouth,PJ/y,0,0,0,0,0,0,0,0
resMicroCHPBiomass,BajaCalifSouth,PJ/y,0,0,0,0,0,0,0,0
resBoilerHydrogen,BajaCalifSouth,PJ/y,0,0,0,0,0,0,0,0
resBoilerHydrogen_solarT,BajaCalifSouth,PJ/y,0,0,0,0,0,0,0,0
resBoilerLPG,BajaCalifSouth,PJ/y,0.101980377,0.067307049,0.033653524,0.010198038,0,0,0,0
resCHPFuelCellHdg,BajaCalifSouth,PJ/y,0,0,0,0,0,0,0,0
resCHPHydrogen,BajaCalifSouth,PJ/y,0,0,0,0,0,0,0,0
resCookingHydrogen,BajaCalifSouth,PJ/y,0,0,0,0,0,0,0,0
resCookingLPG,BajaCalifSouth,PJ/y,0.000752757,0.00049682,0.00024841,7.53E-05,0,0,0,0
resMicroCHPHydrogen,BajaCalifSouth,PJ/y,0,0,0,0,0,0,0,0
resLightingEnergySaving,Central,PJ/y,35.10689451,23.17055038,11.58527519,3.510689451,0,0,0,0
resLightingCon,Central,PJ/y,13.37405505,8.826876335,4.413438168,1.337405505,0,0,0,0
resLightingLED,Central,PJ/y,35.10689451,23.17055038,11.58527519,3.510689451,0,0,0,0
resAppliancesCon,Central,PJ/y,38.57288824,25.45810624,12.72905312,3.857288824,0,0,0,0
resAppliancesAdv,Central,PJ/y,0,0,0,0,0,0,0,0
resCookingElec,Central,PJ/y,0.176808621,0.11669369,0.058346845,0.017680862,0,0,0,0
resCookingNG,Central,PJ/y,0.000589362,0.000388979,0.000194489,5.89E-05,0,0,0,0
resCookingBiomass,Central,PJ/y,28.99661387,19.13776515,9.568882576,2.899661387,0,0,0,0
resCookingKerosene,Central,PJ/y,0.206276725,0.136142638,0.068071319,0.020627672,0,0,0,0
resCookingCoal,Central,PJ/y,0,0,0,0,0,0,0,0
resAC,Central,PJ/y,0.754652159,0.498070425,0.249035213,0.075465216,0,0,0,0
resBoilerNG,Central,PJ/y,8.781013938,5.795469199,2.897734599,0.878101394,0,0,0,0
resBoilerElectric,Central,PJ/y,0.798273994,0.526860836,0.263430418,0.079827399,0,0,0,0
resBoilerBiomass,Central,PJ/y,1.330456657,0.878101394,0.439050697,0.133045666,0,0,0,0
resBoilerNG_solarT,Central,PJ/y,0,0,0,0,0,0,0,0
resBoilerElectriciy_solarT,Central,PJ/y,0,0,0,0,0,0,0,0
resBoilerBiomass_solarT,Central,PJ/y,0,0,0,0,0,0,0,0
resASHeatPump,Central,PJ/y,0.665228329,0.439050697,0.219525348,0.066522833,0,0,0,0
resGSHeatPump,Central,PJ/y,0.186263932,0.122934195,0.061467098,0.018626393,0,0,0,0
resASHeatPump_solarT,Central,PJ/y,0,0,0,0,0,0,0,0
resGSHeatPump_solarT,Central,PJ/y,0,0,0,0,0,0,0,0
resElectricNightStorage,Central,PJ/y,0,0,0,0,0,0,0,0
resElectricResSA_storage,Central,PJ/y,0,0,0,0,0,0,0,0
resElectricResSA,Central,PJ/y,0,0,0,0,0,0,0,0
resCHPNG,Central,PJ/y,0.93131966,0.614670976,0.307335488,0.093131966,0,0,0,0
resCHPBiomass,Central,PJ/y,0.133045666,0.087810139,0.04390507,0.013304567,0,0,0,0
resMicroCHPNG,Central,PJ/y,0,0,0,0,0,0,0,0
resMicroCHPBiomass,Central,PJ/y,0,0,0,0,0,0,0,0
resBoilerHydrogen,Central,PJ/y,0,0,0,0,0,0,0,0
resBoilerHydrogen_solarT,Central,PJ/y,0,0,0,0,0,0,0,0
resBoilerLPG,Central,PJ/y,0.532182663,0.351240558,0.175620279,0.053218266,0,0,0,0
resCHPFuelCellHdg,Central,PJ/y,0,0,0,0,0,0,0,0
resCHPHydrogen,Central,PJ/y,0,0,0,0,0,0,0,0
resCookingHydrogen,Central,PJ/y,0,0,0,0,0,0,0,0
resCookingLPG,Central,PJ/y,0.029468104,0.019448948,0.009724474,0.00294681,0,0,0,0
resMicroCHPHydrogen,Central,PJ/y,0,0,0,0,0,0,0,0
resLightingEnergySaving,Eastern,PJ/y,35.50154592,23.4310203,11.71551015,3.550154592,0,0,0,0
resLightingCon,Eastern,PJ/y,13.52439844,8.926102973,4.463051487,1.352439844,0,0,0,0
resLightingLED,Eastern,PJ/y,35.50154592,23.4310203,11.71551015,3.550154592,0,0,0,0
resAppliancesCon,Eastern,PJ/y,39.00650234,25.74429154,12.87214577,3.900650234,0,0,0,0
resAppliancesAdv,Eastern,PJ/y,0,0,0,0,0,0,0,0
resCookingElec,Eastern,PJ/y,0.178796201,0.118005493,0.059002746,0.01787962,0,0,0,0
resCookingNG,Eastern,PJ/y,0.000595987,0.000393352,0.000196676,5.96E-05,0,0,0,0
resCookingBiomass,Eastern,PJ/y,29.32257703,19.35290084,9.676450419,2.932257703,0,0,0,0
resCookingKerosene,Eastern,PJ/y,0.208595568,0.137673075,0.068836538,0.020859557,0,0,0,0
resCookingCoal,Eastern,PJ/y,0,0,0,0,0,0,0,0
resAC,Eastern,PJ/y,2.842867723,1.876292697,0.938146349,0.284286772,0,0,0,0
resBoilerNG,Eastern,PJ/y,8.199656334,5.411773181,2.70588659,0.819965633,0,0,0,0
resBoilerElectric,Eastern,PJ/y,0.745423303,0.49197938,0.24598969,0.07454233,0,0,0,0
resBoilerBiomass,Eastern,PJ/y,1.242372172,0.819965633,0.409982817,0.124237217,0,0,0,0
resBoilerNG_solarT,Eastern,PJ/y,0,0,0,0,0,0,0,0
resBoilerElectriciy_solarT,Eastern,PJ/y,0,0,0,0,0,0,0,0
resBoilerBiomass_solarT,Eastern,PJ/y,0,0,0,0,0,0,0,0
resASHeatPump,Eastern,PJ/y,0.621186086,0.409982817,0.204991408,0.062118609,0,0,0,0
resGSHeatPump,Eastern,PJ/y,0.173932104,0.114795189,0.057397594,0.01739321,0,0,0,0
resASHeatPump_solarT,Eastern,PJ/y,0,0,0,0,0,0,0,0
resGSHeatPump_solarT,Eastern,PJ/y,0,0,0,0,0,0,0,0
resElectricNightStorage,Eastern,PJ/y,0,0,0,0,0,0,0,0
resElectricResSA_storage,Eastern,PJ/y,0,0,0,0,0,0,0,0
resElectricResSA,Eastern,PJ/y,0,0,0,0,0,0,0,0
resCHPNG,Eastern,PJ/y,0.86966052,0.573975943,0.286987972,0.086966052,0,0,0,0
resCHPBiomass,Eastern,PJ/y,0.124237217,0.081996563,0.040998282,0.012423722,0,0,0,0
resMicroCHPNG,Eastern,PJ/y,0,0,0,0,0,0,0,0
resMicroCHPBiomass,Eastern,PJ/y,0,0,0,0,0,0,0,0
resBoilerHydrogen,Eastern,PJ/y,0,0,0,0,0,0,0,0
resBoilerHydrogen_solarT,Eastern,PJ/y,0,0,0,0,0,0,0,0
resBoilerLPG,Eastern,PJ/y,0.496948869,0.327986253,0.163993127,0.049694887,0,0,0,0
resCHPFuelCellHdg,Eastern,PJ/y,0,0,0,0,0,0,0,0
resCHPHydrogen,Eastern,PJ/y,0,0,0,0,0,0,0,0
resCookingHydrogen,Eastern,PJ/y,0,0,0,0,0,0,0,0
resCookingLPG,Eastern,PJ/y,0.029799367,0.019667582,0.009833791,0.002979937,0,0,0,0
resMicroCHPHydrogen,Eastern,PJ/y,0,0,0,0,0,0,0,0
resLightingEnergySaving,North,PJ/y,6.26118261,4.132380523,2.066190261,0.626118261,0,0,0,0
resLightingCon,North,PJ/y,2.385212423,1.574240199,0.7871201,0.238521242,0,0,0,0
resLightingLED,North,PJ/y,6.26118261,4.132380523,2.066190261,0.626118261,0,0,0,0
resAppliancesCon,North,PJ/y,6.879329556,4.540357507,2.270178754,0.687932956,0,0,0,0
resAppliancesAdv,North,PJ/y,0,0,0,0,0,0,0,0
resCookingElec,North,PJ/y,0.031533153,0.020811881,0.01040594,0.003153315,0,0,0,0
resCookingNG,North,PJ/y,0.000105111,6.94E-05,3.47E-05,1.05E-05,0,0,0,0
resCookingBiomass,North,PJ/y,5.171437036,3.413148444,1.706574222,0.517143704,0,0,0,0
resCookingKerosene,North,PJ/y,0.036788678,0.024280528,0.012140264,0.003678868,0,0,0,0
resCookingCoal,North,PJ/y,0,0,0,0,0,0,0,0
resAC,North,PJ/y,7.236390569,4.776017775,2.388008888,0.723639057,0,0,0,0
resBoilerNG,North,PJ/y,2.914080295,1.923292995,0.961646497,0.291408029,0,0,0,0
resBoilerElectric,North,PJ/y,0.26491639,0.174844818,0.087422409,0.026491639,0,0,0,0
resBoilerBiomass,North,PJ/y,0.441527317,0.291408029,0.145704015,0.044152732,0,0,0,0
resBoilerNG_solarT,North,PJ/y,0,0,0,0,0,0,0,0
resBoilerElectriciy_solarT,North,PJ/y,0,0,0,0,0,0,0,0
resBoilerBiomass_solarT,North,PJ/y,0,0,0,0,0,0,0,0
resASHeatPump,North,PJ/y,0.220763659,0.145704015,0.072852007,0.022076366,0,0,0,0
resGSHeatPump,North,PJ/y,0.061813824,0.040797124,0.020398562,0.006181382,0,0,0,0
resASHeatPump_solarT,North,PJ/y,0,0,0,0,0,0,0,0
resGSHeatPump_solarT,North,PJ/y,0,0,0,0,0,0,0,0
resElectricNightStorage,North,PJ/y,0,0,0,0,0,0,0,0
resElectricResSA_storage,North,PJ/y,0,0,0,0,0,0,0,0
resElectricResSA,North,PJ/y,0,0,0,0,0,0,0,0
resCHPNG,North,PJ/y,0.309069122,0.203985621,0.10199281,0.030906912,0,0,0,0
resCHPBiomass,North,PJ/y,0.044152732,0.029140803,0.014570401,0.004415273,0,0,0,0
resMicroCHPNG,North,PJ/y,0,0,0,0,0,0,0,0
resMicroCHPBiomass,North,PJ/y,0,0,0,0,0,0,0,0
resBoilerHydrogen,North,PJ/y,0,0,0,0,0,0,0,0
resBoilerHydrogen_solarT,North,PJ/y,0,0,0,0,0,0,0,0
resBoilerLPG,North,PJ/y,0.176610927,0.116563212,0.058281606,0.017661093,0,0,0,0
resCHPFuelCellHdg,North,PJ/y,0,0,0,0,0,0,0,0
resCHPHydrogen,North,PJ/y,0,0,0,0,0,0,0,0
resCookingHydrogen,North,PJ/y,0,0,0,0,0,0,0,0
resCookingLPG,North,PJ/y,0.005255525,0.003468647,0.001734323,0.000525553,0,0,0,0
resMicroCHPHydrogen,North,PJ/y,0,0,0,0,0,0,0,0
resLightingEnergySaving,Northeast,PJ/y,13.99362861,9.235794882,4.617897441,1.399362861,0,0,0,0
resLightingCon,Northeast,PJ/y,5.330906137,3.51839805,1.759199025,0.533090614,0,0,0,0
resLightingLED,Northeast,PJ/y,13.99362861,9.235794882,4.617897441,1.399362861,0,0,0,0
resAppliancesCon,Northeast,PJ/y,15.37517573,10.14761598,5.07380799,1.537517573,0,0,0,0
resAppliancesAdv,Northeast,PJ/y,0,0,0,0,0,0,0,0
resCookingElec,Northeast,PJ/y,0.070476019,0.046514173,0.023257086,0.007047602,0,0,0,0
resCookingNG,Northeast,PJ/y,0.00023492,0.000155047,7.75E-05,2.35E-05,0,0,0,0
resCookingBiomass,Northeast,PJ/y,11.55806718,7.628324341,3.81416217,1.155806718,0,0,0,0
resCookingKerosene,Northeast,PJ/y,0.082222023,0.054266535,0.027133267,0.008222202,0,0,0,0
resCookingCoal,Northeast,PJ/y,0,0,0,0,0,0,0,0
resAC,Northeast,PJ/y,7.236390569,4.776017775,2.388008888,0.723639057,0,0,0,0
resBoilerNG,Northeast,PJ/y,4.689077383,3.094791073,1.547395536,0.468907738,0,0,0,0
resBoilerElectric,Northeast,PJ/y,0.426279762,0.281344643,0.140672321,0.042627976,0,0,0,0
resBoilerBiomass,Northeast,PJ/y,0.71046627,0.468907738,0.234453869,0.071046627,0,0,0,0
resBoilerNG_solarT,Northeast,PJ/y,0,0,0,0,0,0,0,0
resBoilerElectriciy_solarT,Northeast,PJ/y,0,0,0,0,0,0,0,0
resBoilerBiomass_solarT,Northeast,PJ/y,0,0,0,0,0,0,0,0
resASHeatPump,Northeast,PJ/y,0.355233135,0.234453869,0.117226935,0.035523314,0,0,0,0
resGSHeatPump,Northeast,PJ/y,0.099465278,0.065647083,0.032823542,0.009946528,0,0,0,0
resASHeatPump_solarT,Northeast,PJ/y,0,0,0,0,0,0,0,0
resGSHeatPump_solarT,Northeast,PJ/y,0,0,0,0,0,0,0,0
resElectricNightStorage,Northeast,PJ/y,0,0,0,0,0,0,0,0
resElectricResSA_storage,Northeast,PJ/y,0,0,0,0,0,0,0,0
resElectricResSA,Northeast,PJ/y,0,0,0,0,0,0,0,0
resCHPNG,Northeast,PJ/y,0.497326389,0.328235417,0.164117708,0.049732639,0,0,0,0
resCHPBiomass,Northeast,PJ/y,0.071046627,0.046890774,0.023445387,0.007104663,0,0,0,0
resMicroCHPNG,Northeast,PJ/y,0,0,0,0,0,0,0,0
resMicroCHPBiomass,Northeast,PJ/y,0,0,0,0,0,0,0,0
resBoilerHydrogen,Northeast,PJ/y,0,0,0,0,0,0,0,0
resBoilerHydrogen_solarT,Northeast,PJ/y,0,0,0,0,0,0,0,0
resBoilerLPG,Northeast,PJ/y,0.284186508,0.187563095,0.093781548,0.028418651,0,0,0,0
resCHPFuelCellHdg,Northeast,PJ/y,0,0,0,0,0,0,0,0
resCHPHydrogen,Northeast,PJ/y,0,0,0,0,0,0,0,0
resCookingHydrogen,Northeast,PJ/y,0,0,0,0,0,0,0,0
resCookingLPG,Northeast,PJ/y,0.011746003,0.007752362,0.003876181,0.0011746,0,0,0,0
resMicroCHPHydrogen,Northeast,PJ/y,0,0,0,0,0,0,0,0
resLightingEnergySaving,Northwest,PJ/y,6.707381188,4.426871584,2.213435792,0.670738119,0,0,0,0
resLightingCon,Northwest,PJ/y,2.555192833,1.68642727,0.843213635,0.255519283,0,0,0,0
resLightingLED,Northwest,PJ/y,6.707381188,4.426871584,2.213435792,0.670738119,0,0,0,0
resAppliancesCon,Northwest,PJ/y,7.369579922,4.863922748,2.431961374,0.736957992,0,0,0,0
resAppliancesAdv,Northwest,PJ/y,0,0,0,0,0,0,0,0
resCookingElec,Northwest,PJ/y,0.03378034,0.022295024,0.011147512,0.003378034,0,0,0,0
resCookingNG,Northwest,PJ/y,0.000112601,7.43E-05,3.72E-05,1.13E-05,0,0,0,0
resCookingBiomass,Northwest,PJ/y,5.539975696,3.656383959,1.82819198,0.55399757,0,0,0,0
resCookingKerosene,Northwest,PJ/y,0.039410396,0.026010861,0.013005431,0.00394104,0,0,0,0
resCookingCoal,Northwest,PJ/y,0,0,0,0,0,0,0,0
resAC,Northwest,PJ/y,7.236390569,4.776017775,2.388008888,0.723639057,0,0,0,0
resBoilerNG,Northwest,PJ/y,3.016505992,1.990893955,0.995446977,0.301650599,0,0,0,0
resBoilerElectric,Northwest,PJ/y,0.274227817,0.18099036,0.09049518,0.027422782,0,0,0,0
resBoilerBiomass,Northwest,PJ/y,0.457046362,0.301650599,0.1508253,0.045704636,0,0,0,0
resBoilerNG_solarT,Northwest,PJ/y,0,0,0,0,0,0,0,0
resBoilerElectriciy_solarT,Northwest,PJ/y,0,0,0,0,0,0,0,0
resBoilerBiomass_solarT,Northwest,PJ/y,0,0,0,0,0,0,0,0
resASHeatPump,Northwest,PJ/y,0.228523181,0.1508253,0.07541265,0.022852318,0,0,0,0
resGSHeatPump,Northwest,PJ/y,0.063986491,0.042231084,0.021115542,0.006398649,0,0,0,0
resASHeatPump_solarT,Northwest,PJ/y,0,0,0,0,0,0,0,0
resGSHeatPump_solarT,Northwest,PJ/y,0,0,0,0,0,0,0,0
resElectricNightStorage,Northwest,PJ/y,0,0,0,0,0,0,0,0
resElectricResSA_storage,Northwest,PJ/y,0,0,0,0,0,0,0,0
resElectricResSA,Northwest,PJ/y,0,0,0,0,0,0,0,0
resCHPNG,Northwest,PJ/y,0.319932454,0.211155419,0.10557771,0.031993245,0,0,0,0
resCHPBiomass,Northwest,PJ/y,0.045704636,0.03016506,0.01508253,0.004570464,0,0,0,0
resMicroCHPNG,Northwest,PJ/y,0,0,0,0,0,0,0,0
resMicroCHPBiomass,Northwest,PJ/y,0,0,0,0,0,0,0,0
resBoilerHydrogen,Northwest,PJ/y,0,0,0,0,0,0,0,0
resBoilerHydrogen_solarT,Northwest,PJ/y,0,0,0,0,0,0,0,0
resBoilerLPG,Northwest,PJ/y,0.182818545,0.12066024,0.06033012,0.018281854,0,0,0,0
resCHPFuelCellHdg,Northwest,PJ/y,0,0,0,0,0,0,0,0
resCHPHydrogen,Northwest,PJ/y,0,0,0,0,0,0,0,0
resCookingHydrogen,Northwest,PJ/y,0,0,0,0,0,0,0,0
resCookingLPG,Northwest,PJ/y,0.005630057,0.003715837,0.001857919,0.000563006,0,0,0,0
resMicroCHPHydrogen,Northwest,PJ/y,0,0,0,0,0,0,0,0
resLightingEnergySaving,Peninsular,PJ/y,5.736351395,3.785991921,1.89299596,0.573635139,0,0,0,0
resLightingCon,Peninsular,PJ/y,2.185276722,1.442282636,0.721141318,0.218527672,0,0,0,0
resLightingLED,Peninsular,PJ/y,5.736351395,3.785991921,1.89299596,0.573635139,0,0,0,0
resAppliancesCon,Peninsular,PJ/y,6.302683399,4.159771043,2.079885522,0.63026834,0,0,0,0
resAppliancesAdv,Peninsular,PJ/y,0,0,0,0,0,0,0,0
resCookingElec,Peninsular,PJ/y,0.028889949,0.019067366,0.009533683,0.002888995,0,0,0,0
resCookingNG,Peninsular,PJ/y,9.63E-05,6.36E-05,3.18E-05,9.63E-06,0,0,0,0
resCookingBiomass,Peninsular,PJ/y,4.737951582,3.127048044,1.563524022,0.473795158,0,0,0,0
resCookingKerosene,Peninsular,PJ/y,0.03370494,0.02224526,0.01112263,0.003370494,0,0,0,0
resCookingCoal,Peninsular,PJ/y,0,0,0,0,0,0,0,0
resAC,Peninsular,PJ/y,0.587482277,0.387738303,0.193869151,0.058748228,0,0,0,0
resBoilerNG,Peninsular,PJ/y,1.367001619,0.902221069,0.451110534,0.136700162,0,0,0,0
resBoilerElectric,Peninsular,PJ/y,0.124272874,0.082020097,0.041010049,0.012427287,0,0,0,0
resBoilerBiomass,Peninsular,PJ/y,0.207121457,0.136700162,0.068350081,0.020712146,0,0,0,0
resBoilerNG_solarT,Peninsular,PJ/y,0,0,0,0,0,0,0,0
resBoilerElectriciy_solarT,Peninsular,PJ/y,0,0,0,0,0,0,0,0
resBoilerBiomass_solarT,Peninsular,PJ/y,0,0,0,0,0,0,0,0
resASHeatPump,Peninsular,PJ/y,0.103560729,0.068350081,0.03417504,0.010356073,0,0,0,0
resGSHeatPump,Peninsular,PJ/y,0.028997004,0.019138023,0.009569011,0.0028997,0,0,0,0
resASHeatPump_solarT,Peninsular,PJ/y,0,0,0,0,0,0,0,0
resGSHeatPump_solarT,Peninsular,PJ/y,0,0,0,0,0,0,0,0
resElectricNightStorage,Peninsular,PJ/y,0,0,0,0,0,0,0,0
resElectricResSA_storage,Peninsular,PJ/y,0,0,0,0,0,0,0,0
resElectricResSA,Peninsular,PJ/y,0,0,0,0,0,0,0,0
resCHPNG,Peninsular,PJ/y,0.14498502,0.095690113,0.047845057,0.014498502,0,0,0,0
resCHPBiomass,Peninsular,PJ/y,0.020712146,0.013670016,0.006835008,0.002071215,0,0,0,0
resMicroCHPNG,Peninsular,PJ/y,0,0,0,0,0,0,0,0
resMicroCHPBiomass,Peninsular,PJ/y,0,0,0,0,0,0,0,0
resBoilerHydrogen,Peninsular,PJ/y,0,0,0,0,0,0,0,0
resBoilerHydrogen_solarT,Peninsular,PJ/y,0,0,0,0,0,0,0,0
resBoilerLPG,Peninsular,PJ/y,0.082848583,0.054680065,0.027340032,0.008284858,0,0,0,0
resCHPFuelCellHdg,Peninsular,PJ/y,0,0,0,0,0,0,0,0
resCHPHydrogen,Peninsular,PJ/y,0,0,0,0,0,0,0,0
resCookingHydrogen,Peninsular,PJ/y,0,0,0,0,0,0,0,0
resCookingLPG,Peninsular,PJ/y,0.004814991,0.003177894,0.001588947,0.000481499,0,0,0,0
resMicroCHPHydrogen,Peninsular,PJ/y,0,0,0,0,0,0,0,0
resLightingEnergySaving,Western,PJ/y,33.09923678,21.84549628,10.92274814,3.309923678,0,0,0,0
resLightingCon,Western,PJ/y,12.60923306,8.32209382,4.16104691,1.260923306,0,0,0,0
resLightingLED,Western,PJ/y,33.09923678,21.84549628,10.92274814,3.309923678,0,0,0,0
resAppliancesCon,Western,PJ/y,36.36702075,24.00223369,12.00111685,3.636702075,0,0,0,0
resAppliancesAdv,Western,PJ/y,0,0,0,0,0,0,0,0
resCookingElec,Western,PJ/y,0.166697468,0.110020329,0.055010164,0.016669747,0,0,0,0
resCookingNG,Western,PJ/y,0.000555658,0.000366734,0.000183367,5.56E-05,0,0,0,0
resCookingBiomass,Western,PJ/y,27.33838471,18.04333391,9.021666955,2.733838471,0,0,0,0
resCookingKerosene,Western,PJ/y,0.194480379,0.12835705,0.064178525,0.019448038,0,0,0,0
resCookingCoal,Western,PJ/y,0,0,0,0,0,0,0,0
resAC,Western,PJ/y,0.754652159,0.498070425,0.249035213,0.075465216,0,0,0,0
resBoilerNG,Western,PJ/y,8.320152442,5.491300612,2.745650306,0.832015244,0,0,0,0
resBoilerElectric,Western,PJ/y,0.756377495,0.499209147,0.249604573,0.075637749,0,0,0,0
resBoilerBiomass,Western,PJ/y,1.260629158,0.832015244,0.416007622,0.126062916,0,0,0,0
resBoilerNG_solarT,Western,PJ/y,0,0,0,0,0,0,0,0
resBoilerElectriciy_solarT,Western,PJ/y,0,0,0,0,0,0,0,0
resBoilerBiomass_solarT,Western,PJ/y,0,0,0,0,0,0,0,0
resASHeatPump,Western,PJ/y,0.630314579,0.416007622,0.208003811,0.063031458,0,0,0,0
resGSHeatPump,Western,PJ/y,0.176488082,0.116482134,0.058241067,0.017648808,0,0,0,0
resASHeatPump_solarT,Western,PJ/y,0,0,0,0,0,0,0,0
resGSHeatPump_solarT,Western,PJ/y,0,0,0,0,0,0,0,0
resElectricNightStorage,Western,PJ/y,0,0,0,0,0,0,0,0
resElectricResSA_storage,Western,PJ/y,0,0,0,0,0,0,0,0
resElectricResSA,Western,PJ/y,0,0,0,0,0,0,0,0
resCHPNG,Western,PJ/y,0.882440411,0.582410671,0.291205335,0.088244041,0,0,0,0
resCHPBiomass,Western,PJ/y,0.126062916,0.083201524,0.041600762,0.012606292,0,0,0,0
resMicroCHPNG,Western,PJ/y,0,0,0,0,0,0,0,0
resMicroCHPBiomass,Western,PJ/y,0,0,0,0,0,0,0,0
resBoilerHydrogen,Western,PJ/y,0,0,0,0,0,0,0,0
resBoilerHydrogen_solarT,Western,PJ/y,0,0,0,0,0,0,0,0
resBoilerLPG,Western,PJ/y,0.504251663,0.332806098,0.166403049,0.050425166,0,0,0,0
resCHPFuelCellHdg,Western,PJ/y,0,0,0,0,0,0,0,0
resCHPHydrogen,Western,PJ/y,0,0,0,0,0,0,0,0
resCookingHydrogen,Western,PJ/y,0,0,0,0,0,0,0,0
resCookingLPG,Western,PJ/y,0.027782911,0.018336721,0.009168361,0.002778291,0,0,0,0
resMicroCHPHydrogen,Western,PJ/y,0,0,0,0,0,0,0,0